OAREA,DAREA,F
黄浦区,黄浦区,2.0617490526032957e-09
徐汇区,黄浦区,6.185018811318655e-11
长宁区,黄浦区,5.660550458482452e-11
静安区,黄浦区,7.616683526119806e-11
普陀区,黄浦区,4.798431006541938e-11
虹口区,黄浦区,6.193224889486237e-11
杨浦区,黄浦区,4.331751794530123e-11
闵行区,黄浦区,3.3151073486224456e-11
宝山区,黄浦区,2.6031777474328548e-11
嘉定区,黄浦区,1.5468713546455006e-11
浦东新区,黄浦区,4.7857402560579535e-11
金山区,黄浦区,2.4375824798464775e-12
松江区,黄浦区,1.4141059099118758e-11
青浦区,黄浦区,9.90394598320475e-12
奉贤区,黄浦区,3.5703821548207367e-12
崇明区,黄浦区,3.1810756763028397e-12
玄武区,黄浦区,2.779686717577647e-13
秦淮区,黄浦区,4.3626289775672744e-13
建邺区,黄浦区,3.375355184710525e-13
鼓楼区,黄浦区,4.988948207215521e-13
浦口区,黄浦区,1.176618278873023e-13
栖霞区,黄浦区,4.7657810979643576e-14
雨花台区,黄浦区,2.3450442274750373e-13
江宁区,黄浦区,1.760038562053316e-13
六合区,黄浦区,4.0323125110786797e-14
溧水区,黄浦区,3.3807848755612765e-14
高淳区,黄浦区,4.712637370181649e-14
锡山区,黄浦区,1.8825146286492414e-13
惠山区,黄浦区,1.32598488132969e-13
滨湖区,黄浦区,5.284493681086762e-13
梁溪区,黄浦区,4.697207804405012e-13
新吴区,黄浦区,1.9648871492989626e-13
江阴市,黄浦区,6.671012230664758e-14
宜兴市,黄浦区,1.9166584432881419e-13
天宁区,黄浦区,2.1459431495595597e-13
钟楼区,黄浦区,1.3975206862605773e-13
新北区,黄浦区,1.8085849127972722e-13
武进区,黄浦区,1.0489980825850537e-13
金坛区,黄浦区,1.111667221240516e-13
溧阳市,黄浦区,8.962700181178274e-14
虎丘区,黄浦区,4.002200209155186e-13
吴中区,黄浦区,2.884799649649323e-13
相城区,黄浦区,1.9989793222219617e-13
姑苏区,黄浦区,8.370481793232889e-13
吴江区,黄浦区,1.7516516941242148e-13
常熟市,黄浦区,1.8078196537486338e-13
张家港市,黄浦区,1.4471880625726765e-13
昆山市,黄浦区,7.713607911410243e-13
太仓市,黄浦区,3.011471331530512e-13
崇川区,黄浦区,2.687838549264562e-13
港闸区,黄浦区,1.487719342936123e-13
通州区,黄浦区,1.562063429560268e-13
如东县,黄浦区,8.602037487794514e-14
启东市,黄浦区,5.892138158386026e-13
如皋市,黄浦区,1.194038738863763e-13
海门市,黄浦区,1.7455953391250325e-13
海安市,黄浦区,1.622042879287642e-13
广陵区,黄浦区,1.5256077079785373e-13
邗江区,黄浦区,1.2930736716858958e-13
江都区,黄浦区,7.42810852455424e-14
宝应县,黄浦区,8.024816328506392e-14
仪征市,黄浦区,6.674213915026952e-14
高邮市,黄浦区,1.0166670091902249e-13
京口区,黄浦区,7.045274352360671e-14
润州区,黄浦区,8.841215634470758e-14
丹徒区,黄浦区,1.2954927488028052e-13
丹阳市,黄浦区,1.0119349154671027e-13
扬中市,黄浦区,7.956319365257042e-14
海陵区,黄浦区,7.6187928237384e-14
高港区,黄浦区,7.822298843856197e-14
姜堰区,黄浦区,1.3404764249923094e-13
兴化市,黄浦区,6.655996757621505e-14
靖江市,黄浦区,2.256386841279509e-13
泰兴市,黄浦区,1.509254879007312e-13
黄浦区,徐汇区,5.179436820490016e-11
徐汇区,徐汇区,1.3417168414559115e-09
长宁区,徐汇区,4.581566960443489e-11
静安区,徐汇区,2.7951132898240728e-11
普陀区,徐汇区,3.3151777926808056e-11
虹口区,徐汇区,2.3364257638790356e-11
杨浦区,徐汇区,1.7328476492611645e-11
闵行区,徐汇区,6.17398444214086e-11
宝山区,徐汇区,1.851301071913281e-11
嘉定区,徐汇区,1.780400836182141e-11
浦东新区,徐汇区,2.24024445947524e-11
金山区,徐汇区,4.993151916116093e-12
松江区,徐汇区,3.9548068758606246e-11
青浦区,徐汇区,1.1632706761110683e-11
奉贤区,徐汇区,5.407712680516624e-12
崇明区,徐汇区,2.277834204764941e-12
玄武区,徐汇区,1.4540380207005337e-13
秦淮区,徐汇区,2.2528086920081217e-13
建邺区,徐汇区,2.411871946417265e-13
鼓楼区,徐汇区,2.480816333094188e-13
浦口区,徐汇区,1.230964412294285e-13
栖霞区,徐汇区,1.1426032230615925e-13
雨花台区,徐汇区,1.6146031963644548e-13
江宁区,徐汇区,1.1955870671355598e-13
六合区,徐汇区,9.023028191433673e-14
溧水区,徐汇区,8.645848372558413e-14
高淳区,徐汇区,3.012965157290476e-14
锡山区,徐汇区,2.0059365696506505e-13
惠山区,徐汇区,3.269899336109973e-13
滨湖区,徐汇区,4.635718176353674e-13
梁溪区,徐汇区,3.6812199179344163e-13
新吴区,徐汇区,1.4917681043339332e-13
江阴市,徐汇区,1.2261953716899462e-13
宜兴市,徐汇区,1.1378634041025217e-13
天宁区,徐汇区,1.9817512551056813e-13
钟楼区,徐汇区,1.7869743854844885e-13
新北区,徐汇区,1.0406663208725602e-13
武进区,徐汇区,4.643056175201519e-14
金坛区,徐汇区,3.5536519585534065e-14
溧阳市,徐汇区,1.289292550854664e-13
虎丘区,徐汇区,2.8047903786808415e-13
吴中区,徐汇区,2.8403147170065663e-13
相城区,徐汇区,2.0179297453673523e-13
姑苏区,徐汇区,7.391513535748432e-13
吴江区,徐汇区,1.559855669478682e-13
常熟市,徐汇区,2.476728542950955e-13
张家港市,徐汇区,2.0972138450497682e-13
昆山市,徐汇区,1.0707342873082533e-12
太仓市,徐汇区,4.0047199818729463e-13
崇川区,徐汇区,3.293668262024857e-13
港闸区,徐汇区,1.9023091284109746e-13
通州区,徐汇区,1.815791848423216e-13
如东县,徐汇区,1.0999207957913543e-13
启东市,徐汇区,5.381520118493797e-13
如皋市,徐汇区,3.053574322874675e-13
海门市,徐汇区,4.0176875665514533e-13
海安市,徐汇区,2.962950342745226e-13
广陵区,徐汇区,5.573588638094402e-14
邗江区,徐汇区,1.202487729000297e-13
江都区,徐汇区,1.7413246873700358e-13
宝应县,徐汇区,7.695847386146372e-14
仪征市,徐汇区,6.400611504351019e-14
高邮市,徐汇区,1.624983016218577e-13
京口区,徐汇区,6.005742851204278e-14
润州区,徐汇区,9.420865841598949e-14
丹徒区,徐汇区,1.1043425601023526e-13
丹阳市,徐汇区,5.391398351306031e-14
句容市,徐汇区,5.795249837983382e-14
海陵区,徐汇区,7.306468389796893e-14
高港区,徐汇区,2.500543964572416e-13
姜堰区,徐汇区,1.0712708313358545e-13
兴化市,徐汇区,9.929330662591937e-14
靖江市,徐汇区,1.622916469088955e-13
泰兴市,徐汇区,2.2514870865335185e-13
黄浦区,长宁区,3.436871911743699e-11
徐汇区,长宁区,4.855668616222475e-11
长宁区,长宁区,1.639841366121468e-09
静安区,长宁区,3.1990892412515646e-11
普陀区,长宁区,6.338825181527149e-11
虹口区,长宁区,2.4206219742107976e-11
杨浦区,长宁区,1.6645064533776175e-11
闵行区,长宁区,4.9968030126445216e-11
宝山区,长宁区,2.1590301826082158e-11
嘉定区,长宁区,3.6989294209502256e-11
浦东新区,长宁区,1.5931756881580888e-11
金山区,长宁区,3.2469752430544997e-12
松江区,长宁区,1.691983768530644e-11
青浦区,长宁区,3.457160001471729e-11
奉贤区,长宁区,2.9028711955304293e-12
崇明区,长宁区,3.116004979719555e-12
玄武区,长宁区,3.842372735504812e-13
秦淮区,长宁区,3.088484969392061e-13
建邺区,长宁区,3.8135067949709197e-13
鼓楼区,长宁区,2.772612823766399e-13
浦口区,长宁区,1.5408420969942632e-13
栖霞区,长宁区,1.2395389432178268e-13
雨花台区,长宁区,1.732334106762658e-13
江宁区,长宁区,1.3204932451613124e-13
六合区,长宁区,1.290793884012045e-13
溧水区,长宁区,1.0822317041512082e-13
锡山区,长宁区,1.6320865670090497e-13
惠山区,长宁区,2.122322079960687e-13
滨湖区,长宁区,4.622484990335462e-13
梁溪区,长宁区,4.244131666663438e-13
新吴区,长宁区,1.277625897266159e-13
江阴市,长宁区,1.7350732819271497e-13
宜兴市,长宁区,1.6434279710590757e-13
天宁区,长宁区,3.243899185898372e-13
钟楼区,长宁区,1.7575011366786553e-13
新北区,长宁区,3.3289668005670965e-13
武进区,长宁区,1.2915287020317428e-13
金坛区,长宁区,1.5568815543252718e-13
溧阳市,长宁区,1.7931705668758658e-13
虎丘区,长宁区,3.449262271351755e-13
吴中区,长宁区,2.9089009005454415e-13
相城区,长宁区,3.1994919494724463e-13
姑苏区,长宁区,1.1076135952915024e-12
吴江区,长宁区,1.7022030466923286e-13
常熟市,长宁区,1.2917539707387277e-13
张家港市,长宁区,1.1581576918032197e-13
昆山市,长宁区,1.4987737380554328e-12
太仓市,长宁区,5.784058798920827e-13
崇川区,长宁区,2.419905603145883e-13
港闸区,长宁区,1.7858911825214576e-13
通州区,长宁区,2.613825196901579e-13
如东县,长宁区,1.5489113898511894e-13
启东市,长宁区,3.502845235834081e-13
如皋市,长宁区,9.555669960873769e-14
海门市,长宁区,4.470295953524239e-13
海安市,长宁区,2.4107399637026093e-13
广陵区,长宁区,1.0464989790685747e-13
邗江区,长宁区,1.0348228109821384e-13
江都区,长宁区,5.944577104905141e-14
宝应县,长宁区,2.247738942011453e-13
高邮市,长宁区,2.0340492489328813e-13
京口区,长宁区,1.8794006789380667e-13
润州区,长宁区,4.716973629421423e-14
丹徒区,长宁区,3.4558625113634064e-14
丹阳市,长宁区,4.0491634648679605e-14
扬中市,长宁区,2.546917766840715e-13
句容市,长宁区,7.254121097068081e-14
海陵区,长宁区,1.2194356406425485e-13
高港区,长宁区,1.2520080572652634e-13
姜堰区,长宁区,1.8773271175069415e-13
兴化市,长宁区,1.5980011252482637e-13
靖江市,长宁区,1.3543083187470318e-13
泰兴市,长宁区,2.4156572213655553e-13
黄浦区,静安区,5.0232995069978544e-11
徐汇区,静安区,3.2378543804774256e-11
长宁区,静安区,4.4163143429124426e-11
静安区,静安区,1.285660323134863e-09
普陀区,静安区,6.781909211898954e-11
虹口区,静安区,8.099098726821606e-11
杨浦区,静安区,3.7703922289442295e-11
闵行区,静安区,2.145428716151511e-11
宝山区,静安区,6.084572262514639e-11
嘉定区,静安区,2.0591791252112605e-11
浦东新区,静安区,2.0637379814349592e-11
金山区,静安区,2.003913145781783e-12
松江区,静安区,9.9991495498713e-12
青浦区,静安区,9.414854690473819e-12
奉贤区,静安区,2.5735645777350242e-12
崇明区,静安区,3.1958211191860603e-12
玄武区,静安区,3.299055080403436e-13
秦淮区,静安区,3.650985273296126e-13
建邺区,静安区,3.456174765068989e-13
鼓楼区,静安区,2.412301744931315e-13
浦口区,静安区,1.2634661520741798e-13
栖霞区,静安区,9.629074713787689e-14
雨花台区,静安区,1.1214367671765936e-13
江宁区,静安区,9.916018032407977e-14
六合区,静安区,8.773832371383982e-14
溧水区,静安区,1.0508836767412552e-13
高淳区,静安区,2.9297538110303644e-14
锡山区,静安区,8.777416934044098e-14
惠山区,静安区,1.7664400242017609e-13
滨湖区,静安区,3.820076294860456e-13
梁溪区,静安区,3.485354112790344e-13
新吴区,静安区,1.832297446752624e-13
江阴市,静安区,1.140490142148026e-13
宜兴市,静安区,1.787323192167398e-13
天宁区,静安区,3.409342592336254e-13
钟楼区,静安区,2.6064332357538535e-13
新北区,静安区,1.574106253986995e-13
武进区,静安区,9.029650735395653e-14
金坛区,静安区,1.7277540272005902e-14
溧阳市,静安区,1.810878592781088e-13
虎丘区,静安区,3.4928942068996294e-13
吴中区,静安区,2.2955815804973633e-13
相城区,静安区,2.550858761791193e-13
姑苏区,静安区,7.548033379662667e-13
吴江区,静安区,1.4389925690653798e-13
常熟市,静安区,1.244302206035872e-13
张家港市,静安区,1.2595636311416696e-13
昆山市,静安区,1.0584437193553926e-12
太仓市,静安区,4.642987549209607e-13
崇川区,静安区,2.784960456526223e-13
港闸区,静安区,1.8497716129355785e-13
通州区,静安区,1.589079371719604e-13
如东县,静安区,1.0695434480892652e-13
启东市,静安区,5.75618405077066e-13
如皋市,静安区,1.8557759015357682e-13
海门市,静安区,4.883410048383534e-13
海安市,静安区,2.4489522495521695e-13
广陵区,静安区,1.354914652270432e-13
邗江区,静安区,1.6077568545948852e-13
江都区,静安区,1.693233201425892e-13
宝应县,静安区,1.9955480869391887e-13
仪征市,静安区,4.1492273046309943e-14
高邮市,静安区,1.4220941638822638e-13
京口区,静安区,1.313972480517054e-13
润州区,静安区,1.832136527423463e-13
丹徒区,静安区,8.053823198836375e-14
丹阳市,静安区,1.3630500025393089e-13
扬中市,静安区,1.9785148018921738e-13
句容市,静安区,7.513597364430913e-14
海陵区,静安区,9.47290680671999e-14
高港区,静安区,9.725938173733383e-14
姜堰区,静安区,1.666695570326133e-13
兴化市,静安区,5.5172027423491193e-14
靖江市,静安区,1.0520634352048497e-13
泰兴市,静安区,3.2839590874272857e-13
黄浦区,普陀区,2.0808233652665267e-11
徐汇区,普陀区,1.6035803666474846e-11
长宁区,普陀区,3.308596837268042e-11
静安区,普陀区,3.5568079724005227e-11
普陀区,普陀区,1.1272098938078968e-09
虹口区,普陀区,2.1349491838311623e-11
杨浦区,普陀区,1.5159195233056376e-11
闵行区,普陀区,1.3969774249811418e-11
宝山区,普陀区,3.611164060117389e-11
嘉定区,普陀区,4.691795601374652e-11
浦东新区,普陀区,9.709461948174016e-12
金山区,普陀区,1.889661836744754e-12
松江区,普陀区,6.487090732034972e-12
青浦区,普陀区,9.951390180261684e-12
奉贤区,普陀区,1.8299685302003707e-12
崇明区,普陀区,9.667222675542308e-12
玄武区,普陀区,1.4179216456838477e-13
秦淮区,普陀区,2.25961911096159e-13
建邺区,普陀区,1.6711324917665854e-13
鼓楼区,普陀区,1.555197523243873e-13
浦口区,普陀区,7.802527783086941e-14
栖霞区,普陀区,9.359468791375577e-14
雨花台区,普陀区,6.073066010999146e-14
江宁区,普陀区,8.02406833472292e-14
六合区,普陀区,7.919017329737297e-14
溧水区,普陀区,3.793993637167856e-14
高淳区,普陀区,2.6443143907197372e-14
锡山区,普陀区,8.802502951558055e-14
惠山区,普陀区,2.1257862503686094e-13
滨湖区,普陀区,3.792684201084349e-13
梁溪区,普陀区,2.380593135737433e-13
新吴区,普陀区,7.579828518232643e-14
江阴市,普陀区,9.357951957978815e-14
宜兴市,普陀区,1.45955127830854e-13
天宁区,普陀区,2.40822618262608e-13
钟楼区,普陀区,1.568329481657072e-13
新北区,普陀区,1.0148175503612085e-13
武进区,普陀区,8.602684759623876e-14
金坛区,普陀区,6.237691126878305e-14
溧阳市,普陀区,2.5145364694040284e-13
虎丘区,普陀区,1.684260018801745e-13
吴中区,普陀区,1.9424326453406512e-13
相城区,普陀区,3.01074478368326e-13
姑苏区,普陀区,5.464066982855504e-13
吴江区,普陀区,1.6147177506015788e-13
常熟市,普陀区,1.0143881548113307e-13
张家港市,普陀区,1.1368471382528069e-13
昆山市,普陀区,1.458328115296483e-12
太仓市,普陀区,1.1693213877388126e-12
崇川区,普陀区,2.1365837420515505e-13
港闸区,普陀区,2.0869405806447963e-13
通州区,普陀区,3.266923028506863e-13
如东县,普陀区,1.8100128758906282e-13
启东市,普陀区,1.0768588814966009e-12
如皋市,普陀区,2.1216309068750905e-13
海门市,普陀区,7.835787077236885e-13
海安市,普陀区,2.600419129093109e-13
广陵区,普陀区,8.560358245101092e-14
邗江区,普陀区,9.893977279632621e-14
江都区,普陀区,9.725324276743389e-14
宝应县,普陀区,2.47654860716428e-13
仪征市,普陀区,1.123493185402938e-13
高邮市,普陀区,1.5687743884030754e-13
京口区,普陀区,1.054182270244593e-13
润州区,普陀区,1.653635526298813e-13
丹徒区,普陀区,4.8461047033631397e-14
丹阳市,普陀区,1.1356163647865309e-13
扬中市,普陀区,1.3393143674388234e-13
句容市,普陀区,6.781564226330358e-14
海陵区,普陀区,6.41248686919884e-14
高港区,普陀区,1.3167542361012602e-13
姜堰区,普陀区,1.692352254339682e-13
兴化市,普陀区,1.24491847686865e-13
靖江市,普陀区,1.5826053775054397e-13
泰兴市,普陀区,2.540580198940182e-13
黄浦区,虹口区,2.3103605380480027e-11
徐汇区,虹口区,1.4235071278366488e-11
长宁区,虹口区,1.5767326242074027e-11
静安区,虹口区,6.344965383349615e-11
普陀区,虹口区,2.3518611342442527e-11
虹口区,虹口区,2.612691031459571e-09
杨浦区,虹口区,8.747171173214778e-11
闵行区,虹口区,1.0373232260211757e-11
宝山区,虹口区,3.126030303171951e-11
嘉定区,虹口区,9.430279658423427e-12
浦东新区,虹口区,1.761435484794052e-11
金山区,虹口区,1.5732266982929628e-12
松江区,虹口区,5.1394461365748995e-12
青浦区,虹口区,4.073374756182864e-12
奉贤区,虹口区,1.811353944224136e-12
崇明区,虹口区,2.8001799182632317e-12
玄武区,虹口区,1.0050051282818149e-13
秦淮区,虹口区,1.7795441826913812e-13
建邺区,虹口区,3.158607490761656e-13
鼓楼区,虹口区,5.5115227668220726e-14
浦口区,虹口区,1.418034385937329e-13
栖霞区,虹口区,1.1056457364856117e-13
雨花台区,虹口区,7.17418871960363e-14
江宁区,虹口区,1.1666378004740721e-13
六合区,虹口区,1.3364048663970152e-13
溧水区,虹口区,4.4818920632050753e-14
高淳区,虹口区,6.24752322422591e-14
锡山区,虹口区,6.239103997714246e-14
惠山区,虹口区,2.5112178445058437e-14
滨湖区,虹口区,3.747197812006116e-13
梁溪区,虹口区,3.414843914571809e-13
新吴区,虹口区,1.1396185927558173e-13
江阴市,虹口区,6.63279930637333e-14
宜兴市,虹口区,9.074663958048635e-14
天宁区,虹口区,1.2643856282703565e-13
钟楼区,虹口区,1.5880176017773276e-13
新北区,虹口区,1.1988166453437538e-13
武进区,虹口区,6.418395118347626e-14
金坛区,虹口区,3.6843312124199713e-14
溧阳市,虹口区,2.079317333091804e-13
虎丘区,虹口区,1.836588363092316e-13
吴中区,虹口区,2.1416452784118638e-13
相城区,虹口区,1.1158056192393267e-13
姑苏区,虹口区,4.559540056873487e-13
吴江区,虹口区,9.952102139880849e-14
常熟市,虹口区,5.991546975091831e-14
张家港市,虹口区,7.674124122473523e-14
昆山市,虹口区,5.066885924376957e-13
太仓市,虹口区,2.874452166709696e-13
崇川区,虹口区,2.6724420595806576e-13
港闸区,虹口区,4.930657939508127e-14
通州区,虹口区,3.20035943945265e-13
如东县,虹口区,2.280736868094167e-13
启东市,虹口区,3.794002869829331e-13
如皋市,虹口区,1.8467540628856217e-13
海门市,虹口区,3.4711924230435063e-13
海安市,虹口区,2.1503353139707426e-13
广陵区,虹口区,5.778547484115393e-14
邗江区,虹口区,6.233535422404281e-14
江都区,虹口区,3.2824705767274923e-14
宝应县,虹口区,5.31923235805416e-14
仪征市,虹口区,4.423988433887858e-14
高邮市,虹口区,2.021686664693045e-13
润州区,虹口区,1.5627682383326457e-13
丹徒区,虹口区,5.724764004527272e-14
丹阳市,虹口区,4.4717259778906085e-14
扬中市,虹口区,1.0547658584620897e-13
句容市,虹口区,1.2016719763713506e-13
海陵区,虹口区,5.05010054540189e-14
高港区,虹口区,2.0739976304157418e-13
兴化市,虹口区,5.882550973364322e-14
靖江市,虹口区,1.1217308976704781e-13
泰兴市,虹口区,1.667343953291665e-13
黄浦区,杨浦区,1.3606562072218485e-11
徐汇区,杨浦区,9.738452529414111e-12
长宁区,杨浦区,9.66152731586652e-12
静安区,杨浦区,2.574831012786912e-11
普陀区,杨浦区,1.4375280089101238e-11
虹口区,杨浦区,8.3727008330729e-11
杨浦区,杨浦区,1.672847582542157e-09
闵行区,杨浦区,7.771155839557468e-12
宝山区,杨浦区,2.290542473607727e-11
嘉定区,杨浦区,7.756998242477411e-12
浦东新区,杨浦区,1.74879030699362e-11
金山区,杨浦区,1.0811342990219196e-12
松江区,杨浦区,3.693893593503794e-12
青浦区,杨浦区,5.686961161500724e-12
奉贤区,杨浦区,1.6703863670085064e-12
崇明区,杨浦区,3.29164805993034e-12
玄武区,杨浦区,1.1885566318151022e-13
秦淮区,杨浦区,7.892083011911505e-14
建邺区,杨浦区,7.782265182035863e-14
鼓楼区,杨浦区,1.0863554741433103e-13
浦口区,杨浦区,1.1739143296715017e-13
栖霞区,杨浦区,1.2141795500942556e-13
雨花台区,杨浦区,1.131261833480176e-13
江宁区,杨浦区,1.0347821038363049e-13
六合区,杨浦区,3.1609646996761295e-14
溧水区,杨浦区,2.6502265435744717e-14
高淳区,杨浦区,3.694277248747716e-14
锡山区,杨浦区,3.689298802755952e-14
惠山区,杨浦区,1.9304090599813165e-13
滨湖区,杨浦区,3.1791742324415214e-13
梁溪区,杨浦区,2.2568211513424651e-13
新吴区,杨浦区,6.738777733778406e-14
江阴市,杨浦区,4.575781229757247e-14
宜兴市,杨浦区,1.6098055211825365e-13
天宁区,杨浦区,5.6074114003091816e-14
钟楼区,杨浦区,9.39024487993605e-14
新北区,杨浦区,1.2759888389133617e-13
武进区,杨浦区,3.79531699333906e-14
金坛区,杨浦区,1.0893069530430298e-13
溧阳市,杨浦区,8.782422867971929e-14
虎丘区,杨浦区,1.870348876300763e-13
吴中区,杨浦区,1.763907154973307e-13
相城区,杨浦区,1.1546442548775037e-13
姑苏区,杨浦区,3.6706501402694827e-13
吴江区,杨浦区,7.35608000023295e-14
常熟市,杨浦区,1.164100218486256e-13
张家港市,杨浦区,1.1344632557661549e-13
昆山市,杨浦区,5.202396093819194e-13
太仓市,杨浦区,3.116148364470582e-13
崇川区,杨浦区,2.3703974066927725e-13
港闸区,杨浦区,5.831180387341127e-14
通州区,杨浦区,3.5622256024355255e-13
如东县,杨浦区,8.429014606848832e-14
启东市,杨浦区,8.18204811919642e-13
如皋市,杨浦区,2.49604615596258e-13
海门市,杨浦区,2.326258417210205e-13
海安市,杨浦区,2.906362196426197e-13
广陵区,杨浦区,1.7084815642298704e-13
邗江区,杨浦区,9.215015000246127e-14
江都区,杨浦区,1.9409862014223518e-13
宝应县,杨浦区,2.83082535883446e-13
仪征市,杨浦区,1.3079935226699344e-13
高邮市,杨浦区,1.3947046285365596e-13
京口区,杨浦区,1.656855474333384e-13
润州区,杨浦区,1.3861411012169166e-13
丹徒区,杨浦区,1.3540639807062345e-13
丹阳市,杨浦区,5.288430294647608e-14
扬中市,杨浦区,3.1185138284581186e-13
海陵区,杨浦区,7.465547097297199e-14
高港区,杨浦区,1.8395903428476378e-13
姜堰区,杨浦区,1.313513848600259e-13
兴化市,杨浦区,2.0870774012872458e-13
靖江市,杨浦区,1.3266008899054085e-13
泰兴市,杨浦区,1.183117970705072e-13
黄浦区,闵行区,1.0753511291551782e-11
徐汇区,闵行区,2.5692871623633895e-11
长宁区,闵行区,2.220890814218692e-11
静安区,闵行区,8.051406010114068e-12
普陀区,闵行区,1.0357458478216331e-11
虹口区,闵行区,6.635175322801932e-12
杨浦区,闵行区,5.580173450872708e-12
闵行区,闵行区,5.967963946147728e-10
宝山区,闵行区,5.6433929205379615e-12
嘉定区,闵行区,8.782911778181683e-12
浦东新区,闵行区,8.963665094857969e-12
金山区,闵行区,3.731643613126794e-12
松江区,闵行区,2.959819397682477e-11
青浦区,闵行区,1.701994759363005e-11
奉贤区,闵行区,1.3375765760198336e-11
崇明区,闵行区,1.971519435701793e-12
玄武区,闵行区,1.494950602410751e-13
秦淮区,闵行区,1.5598874095124157e-13
建邺区,闵行区,1.6220824947645912e-13
鼓楼区,闵行区,1.522563739537745e-13
浦口区,闵行区,1.0245335953955845e-13
栖霞区,闵行区,1.0404954227320417e-13
雨花台区,闵行区,1.7786074661654916e-13
江宁区,闵行区,1.4874686422991454e-13
六合区,闵行区,5.111767331832786e-14
溧水区,闵行区,5.714433305245138e-14
高淳区,闵行区,1.4603639011075186e-13
锡山区,闵行区,1.5025897148466952e-13
惠山区,闵行区,1.9744522601354127e-13
滨湖区,闵行区,2.735057113669686e-13
梁溪区,闵行区,2.689199429822492e-13
新吴区,闵行区,1.90276301064863e-13
江阴市,闵行区,9.396500091387687e-14
宜兴市,闵行区,1.542698521799364e-13
天宁区,闵行区,1.4105853817087944e-13
钟楼区,闵行区,0.0
新北区,闵行区,0.0
武进区,闵行区,0.0
金坛区,闵行区,0.0
溧阳市,闵行区,0.0
虎丘区,闵行区,0.0
吴中区,闵行区,0.0
相城区,闵行区,0.0
姑苏区,闵行区,0.0
吴江区,闵行区,0.0
常熟市,闵行区,0.0
张家港市,闵行区,0.0
昆山市,闵行区,0.0
太仓市,闵行区,0.0
崇川区,闵行区,0.0
港闸区,闵行区,0.0
通州区,闵行区,0.0
如东县,闵行区,0.0
启东市,闵行区,0.0
如皋市,闵行区,0.0
海门市,闵行区,0.0
海安市,闵行区,0.0
广陵区,闵行区,0.0
邗江区,闵行区,0.0
江都区,闵行区,0.0
宝应县,闵行区,0.0
仪征市,闵行区,0.0
高邮市,闵行区,0.0
京口区,闵行区,0.0
润州区,闵行区,0.0
丹徒区,闵行区,0.0
丹阳市,闵行区,0.0
扬中市,闵行区,0.0
句容市,闵行区,0.0
海陵区,闵行区,0.0
高港区,闵行区,0.0
姜堰区,闵行区,0.0
兴化市,闵行区,0.0
靖江市,闵行区,0.0
泰兴市,闵行区,0.0
黄浦区,宝山区,0.0
徐汇区,宝山区,0.0
长宁区,宝山区,0.0
静安区,宝山区,0.0
普陀区,宝山区,0.0
虹口区,宝山区,0.0
杨浦区,宝山区,0.0
闵行区,宝山区,0.0
宝山区,宝山区,0.0
嘉定区,宝山区,0.0
浦东新区,宝山区,0.0
金山区,宝山区,0.0
松江区,宝山区,0.0
青浦区,宝山区,0.0
奉贤区,宝山区,0.0
崇明区,宝山区,0.0
玄武区,宝山区,0.0
秦淮区,宝山区,0.0
建邺区,宝山区,0.0
鼓楼区,宝山区,0.0
浦口区,宝山区,0.0
栖霞区,宝山区,0.0
雨花台区,宝山区,0.0
江宁区,宝山区,0.0
六合区,宝山区,0.0
溧水区,宝山区,0.0
高淳区,宝山区,0.0
锡山区,宝山区,0.0
惠山区,宝山区,0.0
滨湖区,宝山区,0.0
梁溪区,宝山区,0.0
新吴区,宝山区,0.0
江阴市,宝山区,0.0
宜兴市,宝山区,0.0
天宁区,宝山区,0.0
钟楼区,宝山区,0.0
新北区,宝山区,0.0
武进区,宝山区,0.0
金坛区,宝山区,0.0
溧阳市,宝山区,0.0
虎丘区,宝山区,0.0
吴中区,宝山区,0.0
相城区,宝山区,0.0
姑苏区,宝山区,0.0
吴江区,宝山区,0.0
常熟市,宝山区,0.0
张家港市,宝山区,0.0
昆山市,宝山区,0.0
太仓市,宝山区,0.0
崇川区,宝山区,0.0
港闸区,宝山区,0.0
通州区,宝山区,0.0
如东县,宝山区,0.0
启东市,宝山区,0.0
如皋市,宝山区,0.0
海门市,宝山区,0.0
海安市,宝山区,0.0
广陵区,宝山区,0.0
邗江区,宝山区,0.0
江都区,宝山区,0.0
宝应县,宝山区,0.0
仪征市,宝山区,0.0
高邮市,宝山区,0.0
京口区,宝山区,0.0
润州区,宝山区,0.0
丹徒区,宝山区,0.0
丹阳市,宝山区,0.0
扬中市,宝山区,0.0
句容市,宝山区,0.0
海陵区,宝山区,0.0
高港区,宝山区,0.0
姜堰区,宝山区,0.0
兴化市,宝山区,0.0
靖江市,宝山区,0.0
泰兴市,宝山区,0.0
黄浦区,嘉定区,0.0
徐汇区,嘉定区,0.0
长宁区,嘉定区,0.0
静安区,嘉定区,0.0
普陀区,嘉定区,0.0
虹口区,嘉定区,0.0
杨浦区,嘉定区,0.0
闵行区,嘉定区,0.0
宝山区,嘉定区,0.0
嘉定区,嘉定区,0.0
浦东新区,嘉定区,0.0
金山区,嘉定区,0.0
松江区,嘉定区,0.0
青浦区,嘉定区,0.0
奉贤区,嘉定区,0.0
崇明区,嘉定区,0.0
玄武区,嘉定区,0.0
秦淮区,嘉定区,0.0
建邺区,嘉定区,0.0
鼓楼区,嘉定区,0.0
浦口区,嘉定区,0.0
栖霞区,嘉定区,0.0
雨花台区,嘉定区,0.0
江宁区,嘉定区,0.0
六合区,嘉定区,0.0
溧水区,嘉定区,0.0
高淳区,嘉定区,0.0
锡山区,嘉定区,0.0
惠山区,嘉定区,0.0
滨湖区,嘉定区,0.0
梁溪区,嘉定区,0.0
新吴区,嘉定区,0.0
江阴市,嘉定区,0.0
宜兴市,嘉定区,0.0
天宁区,嘉定区,0.0
钟楼区,嘉定区,0.0
新北区,嘉定区,0.0
武进区,嘉定区,0.0
金坛区,嘉定区,0.0
溧阳市,嘉定区,0.0
虎丘区,嘉定区,0.0
吴中区,嘉定区,0.0
相城区,嘉定区,0.0
姑苏区,嘉定区,0.0
吴江区,嘉定区,0.0
常熟市,嘉定区,0.0
张家港市,嘉定区,0.0
昆山市,嘉定区,0.0
太仓市,嘉定区,0.0
崇川区,嘉定区,0.0
港闸区,嘉定区,0.0
通州区,嘉定区,0.0
如东县,嘉定区,0.0
启东市,嘉定区,0.0
如皋市,嘉定区,0.0
海门市,嘉定区,0.0
海安市,嘉定区,0.0
广陵区,嘉定区,0.0
邗江区,嘉定区,0.0
江都区,嘉定区,0.0
宝应县,嘉定区,0.0
仪征市,嘉定区,0.0
高邮市,嘉定区,0.0
京口区,嘉定区,0.0
润州区,嘉定区,0.0
丹徒区,嘉定区,0.0
丹阳市,嘉定区,0.0
扬中市,嘉定区,0.0
句容市,嘉定区,0.0
海陵区,嘉定区,0.0
高港区,嘉定区,0.0
姜堰区,嘉定区,0.0
兴化市,嘉定区,0.0
靖江市,嘉定区,0.0
泰兴市,嘉定区,0.0
黄浦区,浦东新区,0.0
徐汇区,浦东新区,0.0
长宁区,浦东新区,0.0
静安区,浦东新区,0.0
普陀区,浦东新区,0.0
虹口区,浦东新区,0.0
杨浦区,浦东新区,0.0
闵行区,浦东新区,0.0
宝山区,浦东新区,0.0
嘉定区,浦东新区,0.0
浦东新区,浦东新区,0.0
金山区,浦东新区,0.0
松江区,浦东新区,0.0
青浦区,浦东新区,0.0
奉贤区,浦东新区,0.0
崇明区,浦东新区,0.0
玄武区,浦东新区,0.0
秦淮区,浦东新区,0.0
建邺区,浦东新区,0.0
鼓楼区,浦东新区,0.0
浦口区,浦东新区,0.0
栖霞区,浦东新区,0.0
雨花台区,浦东新区,0.0
江宁区,浦东新区,0.0
六合区,浦东新区,0.0
溧水区,浦东新区,0.0
高淳区,浦东新区,0.0
锡山区,浦东新区,0.0
惠山区,浦东新区,0.0
滨湖区,浦东新区,0.0
梁溪区,浦东新区,0.0
新吴区,浦东新区,0.0
江阴市,浦东新区,0.0
宜兴市,浦东新区,0.0
天宁区,浦东新区,0.0
钟楼区,浦东新区,0.0
新北区,浦东新区,0.0
武进区,浦东新区,0.0
金坛区,浦东新区,0.0
溧阳市,浦东新区,0.0
虎丘区,浦东新区,0.0
吴中区,浦东新区,0.0
相城区,浦东新区,0.0
姑苏区,浦东新区,0.0
吴江区,浦东新区,0.0
常熟市,浦东新区,0.0
张家港市,浦东新区,0.0
昆山市,浦东新区,0.0
太仓市,浦东新区,0.0
崇川区,浦东新区,0.0
港闸区,浦东新区,0.0
通州区,浦东新区,0.0
如东县,浦东新区,0.0
启东市,浦东新区,0.0
如皋市,浦东新区,0.0
海门市,浦东新区,0.0
海安市,浦东新区,0.0
广陵区,浦东新区,0.0
邗江区,浦东新区,0.0
江都区,浦东新区,0.0
宝应县,浦东新区,0.0
仪征市,浦东新区,0.0
高邮市,浦东新区,0.0
京口区,浦东新区,0.0
润州区,浦东新区,0.0
丹徒区,浦东新区,0.0
丹阳市,浦东新区,0.0
扬中市,浦东新区,0.0
句容市,浦东新区,0.0
海陵区,浦东新区,0.0
高港区,浦东新区,0.0
姜堰区,浦东新区,0.0
兴化市,浦东新区,0.0
靖江市,浦东新区,0.0
泰兴市,浦东新区,0.0
黄浦区,金山区,0.0
徐汇区,金山区,0.0
长宁区,金山区,0.0
静安区,金山区,0.0
普陀区,金山区,0.0
虹口区,金山区,0.0
杨浦区,金山区,0.0
闵行区,金山区,0.0
宝山区,金山区,0.0
嘉定区,金山区,0.0
浦东新区,金山区,0.0
金山区,金山区,0.0
松江区,金山区,0.0
青浦区,金山区,0.0
奉贤区,金山区,0.0
崇明区,金山区,0.0
玄武区,金山区,0.0
秦淮区,金山区,0.0
鼓楼区,金山区,0.0
浦口区,金山区,0.0
栖霞区,金山区,0.0
雨花台区,金山区,0.0
江宁区,金山区,0.0
六合区,金山区,0.0
溧水区,金山区,0.0
高淳区,金山区,0.0
锡山区,金山区,0.0
惠山区,金山区,0.0
滨湖区,金山区,0.0
梁溪区,金山区,0.0
新吴区,金山区,0.0
江阴市,金山区,0.0
宜兴市,金山区,0.0
天宁区,金山区,0.0
钟楼区,金山区,0.0
新北区,金山区,0.0
武进区,金山区,0.0
金坛区,金山区,0.0
溧阳市,金山区,0.0
虎丘区,金山区,0.0
吴中区,金山区,0.0
相城区,金山区,0.0
姑苏区,金山区,0.0
吴江区,金山区,0.0
常熟市,金山区,0.0
张家港市,金山区,0.0
昆山市,金山区,0.0
太仓市,金山区,0.0
崇川区,金山区,0.0
港闸区,金山区,0.0
通州区,金山区,0.0
如东县,金山区,0.0
启东市,金山区,0.0
如皋市,金山区,0.0
海门市,金山区,0.0
海安市,金山区,0.0
邗江区,金山区,0.0
江都区,金山区,0.0
宝应县,金山区,0.0
仪征市,金山区,0.0
高邮市,金山区,0.0
京口区,金山区,0.0
丹徒区,金山区,0.0
丹阳市,金山区,0.0
扬中市,金山区,0.0
海陵区,金山区,0.0
高港区,金山区,0.0
姜堰区,金山区,0.0
兴化市,金山区,0.0
泰兴市,金山区,0.0
黄浦区,松江区,0.0
徐汇区,松江区,0.0
长宁区,松江区,0.0
静安区,松江区,0.0
普陀区,松江区,0.0
虹口区,松江区,0.0
杨浦区,松江区,0.0
闵行区,松江区,0.0
宝山区,松江区,0.0
嘉定区,松江区,0.0
浦东新区,松江区,0.0
金山区,松江区,0.0
松江区,松江区,0.0
青浦区,松江区,0.0
奉贤区,松江区,0.0
崇明区,松江区,0.0
玄武区,松江区,0.0
秦淮区,松江区,0.0
建邺区,松江区,0.0
鼓楼区,松江区,0.0
浦口区,松江区,0.0
栖霞区,松江区,0.0
雨花台区,松江区,0.0
江宁区,松江区,0.0
六合区,松江区,0.0
溧水区,松江区,0.0
高淳区,松江区,0.0
锡山区,松江区,0.0
惠山区,松江区,0.0
滨湖区,松江区,0.0
梁溪区,松江区,0.0
新吴区,松江区,0.0
江阴市,松江区,0.0
宜兴市,松江区,0.0
天宁区,松江区,0.0
钟楼区,松江区,0.0
新北区,松江区,0.0
武进区,松江区,0.0
金坛区,松江区,0.0
溧阳市,松江区,0.0
虎丘区,松江区,0.0
吴中区,松江区,0.0
相城区,松江区,0.0
姑苏区,松江区,0.0
吴江区,松江区,0.0
常熟市,松江区,0.0
张家港市,松江区,0.0
昆山市,松江区,0.0
太仓市,松江区,0.0
崇川区,松江区,0.0
港闸区,松江区,0.0
通州区,松江区,0.0
如东县,松江区,0.0
启东市,松江区,0.0
如皋市,松江区,0.0
海门市,松江区,0.0
海安市,松江区,0.0
广陵区,松江区,0.0
邗江区,松江区,0.0
江都区,松江区,0.0
宝应县,松江区,0.0
仪征市,松江区,0.0
高邮市,松江区,0.0
京口区,松江区,0.0
润州区,松江区,0.0
丹徒区,松江区,0.0
丹阳市,松江区,0.0
扬中市,松江区,0.0
句容市,松江区,0.0
海陵区,松江区,0.0
高港区,松江区,0.0
姜堰区,松江区,0.0
兴化市,松江区,0.0
靖江市,松江区,0.0
泰兴市,松江区,0.0
黄浦区,青浦区,0.0
徐汇区,青浦区,0.0
长宁区,青浦区,0.0
静安区,青浦区,0.0
普陀区,青浦区,0.0
虹口区,青浦区,0.0
杨浦区,青浦区,0.0
闵行区,青浦区,0.0
宝山区,青浦区,0.0
嘉定区,青浦区,0.0
浦东新区,青浦区,0.0
金山区,青浦区,0.0
松江区,青浦区,0.0
青浦区,青浦区,0.0
奉贤区,青浦区,0.0
崇明区,青浦区,0.0
玄武区,青浦区,0.0
秦淮区,青浦区,0.0
建邺区,青浦区,0.0
鼓楼区,青浦区,0.0
浦口区,青浦区,0.0
栖霞区,青浦区,0.0
雨花台区,青浦区,0.0
江宁区,青浦区,0.0
六合区,青浦区,0.0
溧水区,青浦区,0.0
锡山区,青浦区,0.0
惠山区,青浦区,0.0
滨湖区,青浦区,0.0
梁溪区,青浦区,0.0
新吴区,青浦区,0.0
江阴市,青浦区,0.0
宜兴市,青浦区,0.0
天宁区,青浦区,0.0
钟楼区,青浦区,0.0
新北区,青浦区,0.0
武进区,青浦区,0.0
金坛区,青浦区,0.0
溧阳市,青浦区,0.0
虎丘区,青浦区,0.0
吴中区,青浦区,0.0
相城区,青浦区,0.0
姑苏区,青浦区,0.0
吴江区,青浦区,0.0
常熟市,青浦区,0.0
张家港市,青浦区,0.0
昆山市,青浦区,0.0
太仓市,青浦区,0.0
崇川区,青浦区,0.0
港闸区,青浦区,0.0
通州区,青浦区,0.0
如东县,青浦区,0.0
启东市,青浦区,0.0
如皋市,青浦区,0.0
海门市,青浦区,0.0
海安市,青浦区,0.0
广陵区,青浦区,0.0
邗江区,青浦区,0.0
江都区,青浦区,0.0
宝应县,青浦区,0.0
仪征市,青浦区,0.0
高邮市,青浦区,0.0
京口区,青浦区,0.0
润州区,青浦区,0.0
丹徒区,青浦区,0.0
丹阳市,青浦区,0.0
扬中市,青浦区,0.0
句容市,青浦区,0.0
海陵区,青浦区,0.0
高港区,青浦区,0.0
姜堰区,青浦区,0.0
兴化市,青浦区,0.0
靖江市,青浦区,0.0
泰兴市,青浦区,0.0
黄浦区,奉贤区,0.0
徐汇区,奉贤区,0.0
长宁区,奉贤区,0.0
静安区,奉贤区,0.0
普陀区,奉贤区,0.0
虹口区,奉贤区,0.0
杨浦区,奉贤区,0.0
闵行区,奉贤区,0.0
宝山区,奉贤区,0.0
嘉定区,奉贤区,0.0
浦东新区,奉贤区,0.0
金山区,奉贤区,0.0
松江区,奉贤区,0.0
青浦区,奉贤区,0.0
奉贤区,奉贤区,0.0
崇明区,奉贤区,0.0
玄武区,奉贤区,0.0
秦淮区,奉贤区,0.0
建邺区,奉贤区,0.0
鼓楼区,奉贤区,0.0
浦口区,奉贤区,0.0
栖霞区,奉贤区,0.0
雨花台区,奉贤区,0.0
江宁区,奉贤区,0.0
六合区,奉贤区,0.0
溧水区,奉贤区,0.0
锡山区,奉贤区,0.0
惠山区,奉贤区,0.0
滨湖区,奉贤区,0.0
梁溪区,奉贤区,0.0
新吴区,奉贤区,0.0
江阴市,奉贤区,0.0
宜兴市,奉贤区,0.0
天宁区,奉贤区,0.0
钟楼区,奉贤区,0.0
新北区,奉贤区,0.0
武进区,奉贤区,0.0
金坛区,奉贤区,0.0
溧阳市,奉贤区,0.0
虎丘区,奉贤区,0.0
吴中区,奉贤区,0.0
相城区,奉贤区,0.0
姑苏区,奉贤区,0.0
吴江区,奉贤区,0.0
常熟市,奉贤区,0.0
张家港市,奉贤区,0.0
昆山市,奉贤区,0.0
太仓市,奉贤区,0.0
崇川区,奉贤区,0.0
港闸区,奉贤区,0.0
通州区,奉贤区,0.0
如东县,奉贤区,0.0
启东市,奉贤区,0.0
如皋市,奉贤区,0.0
海门市,奉贤区,0.0
海安市,奉贤区,0.0
广陵区,奉贤区,0.0
邗江区,奉贤区,0.0
江都区,奉贤区,0.0
宝应县,奉贤区,0.0
仪征市,奉贤区,0.0
高邮市,奉贤区,0.0
京口区,奉贤区,0.0
润州区,奉贤区,0.0
丹徒区,奉贤区,0.0
丹阳市,奉贤区,0.0
扬中市,奉贤区,0.0
句容市,奉贤区,0.0
海陵区,奉贤区,0.0
高港区,奉贤区,0.0
姜堰区,奉贤区,0.0
兴化市,奉贤区,0.0
靖江市,奉贤区,0.0
泰兴市,奉贤区,0.0
黄浦区,崇明区,0.0
徐汇区,崇明区,0.0
长宁区,崇明区,0.0
静安区,崇明区,0.0
普陀区,崇明区,0.0
虹口区,崇明区,0.0
杨浦区,崇明区,0.0
闵行区,崇明区,0.0
宝山区,崇明区,0.0
嘉定区,崇明区,0.0
浦东新区,崇明区,0.0
金山区,崇明区,0.0
松江区,崇明区,0.0
青浦区,崇明区,0.0
奉贤区,崇明区,0.0
崇明区,崇明区,0.0
秦淮区,崇明区,0.0
建邺区,崇明区,0.0
鼓楼区,崇明区,0.0
浦口区,崇明区,0.0
栖霞区,崇明区,0.0
雨花台区,崇明区,0.0
江宁区,崇明区,0.0
六合区,崇明区,0.0
溧水区,崇明区,0.0
高淳区,崇明区,0.0
惠山区,崇明区,0.0
滨湖区,崇明区,0.0
梁溪区,崇明区,0.0
江阴市,崇明区,0.0
宜兴市,崇明区,0.0
天宁区,崇明区,0.0
钟楼区,崇明区,0.0
新北区,崇明区,0.0
武进区,崇明区,0.0
溧阳市,崇明区,0.0
虎丘区,崇明区,0.0
吴中区,崇明区,0.0
姑苏区,崇明区,0.0
吴江区,崇明区,0.0
常熟市,崇明区,0.0
张家港市,崇明区,0.0
昆山市,崇明区,0.0
太仓市,崇明区,0.0
崇川区,崇明区,0.0
港闸区,崇明区,0.0
通州区,崇明区,0.0
如东县,崇明区,0.0
启东市,崇明区,0.0
如皋市,崇明区,0.0
海门市,崇明区,0.0
海安市,崇明区,0.0
广陵区,崇明区,0.0
邗江区,崇明区,0.0
江都区,崇明区,0.0
宝应县,崇明区,0.0
仪征市,崇明区,0.0
高邮市,崇明区,0.0
京口区,崇明区,0.0
润州区,崇明区,0.0
丹徒区,崇明区,0.0
丹阳市,崇明区,0.0
句容市,崇明区,0.0
海陵区,崇明区,0.0
高港区,崇明区,0.0
姜堰区,崇明区,0.0
兴化市,崇明区,0.0
靖江市,崇明区,0.0
泰兴市,崇明区,0.0
黄浦区,玄武区,0.0
徐汇区,玄武区,0.0
长宁区,玄武区,0.0
静安区,玄武区,0.0
普陀区,玄武区,0.0
虹口区,玄武区,0.0
杨浦区,玄武区,0.0
闵行区,玄武区,0.0
宝山区,玄武区,0.0
嘉定区,玄武区,0.0
浦东新区,玄武区,0.0
松江区,玄武区,0.0
青浦区,玄武区,0.0
崇明区,玄武区,0.0
玄武区,玄武区,0.0
秦淮区,玄武区,0.0
建邺区,玄武区,0.0
鼓楼区,玄武区,0.0
浦口区,玄武区,0.0
栖霞区,玄武区,0.0
雨花台区,玄武区,0.0
江宁区,玄武区,0.0
六合区,玄武区,0.0
溧水区,玄武区,0.0
高淳区,玄武区,0.0
锡山区,玄武区,0.0
惠山区,玄武区,0.0
滨湖区,玄武区,0.0
梁溪区,玄武区,0.0
新吴区,玄武区,0.0
江阴市,玄武区,0.0
宜兴市,玄武区,0.0
天宁区,玄武区,0.0
钟楼区,玄武区,0.0
新北区,玄武区,0.0
武进区,玄武区,0.0
金坛区,玄武区,0.0
溧阳市,玄武区,0.0
虎丘区,玄武区,0.0
吴中区,玄武区,0.0
相城区,玄武区,0.0
姑苏区,玄武区,0.0
吴江区,玄武区,0.0
常熟市,玄武区,0.0
张家港市,玄武区,0.0
昆山市,玄武区,0.0
太仓市,玄武区,0.0
崇川区,玄武区,0.0
港闸区,玄武区,0.0
通州区,玄武区,0.0
如东县,玄武区,0.0
启东市,玄武区,0.0
如皋市,玄武区,0.0
海门市,玄武区,0.0
海安市,玄武区,0.0
广陵区,玄武区,0.0
邗江区,玄武区,0.0
江都区,玄武区,0.0
宝应县,玄武区,0.0
仪征市,玄武区,0.0
高邮市,玄武区,0.0
京口区,玄武区,0.0
润州区,玄武区,0.0
丹徒区,玄武区,0.0
丹阳市,玄武区,0.0
扬中市,玄武区,0.0
句容市,玄武区,0.0
海陵区,玄武区,0.0
高港区,玄武区,0.0
姜堰区,玄武区,0.0
兴化市,玄武区,0.0
靖江市,玄武区,0.0
泰兴市,玄武区,0.0
黄浦区,秦淮区,0.0
徐汇区,秦淮区,0.0
长宁区,秦淮区,0.0
静安区,秦淮区,0.0
普陀区,秦淮区,0.0
虹口区,秦淮区,0.0
杨浦区,秦淮区,0.0
闵行区,秦淮区,0.0
宝山区,秦淮区,0.0
嘉定区,秦淮区,0.0
浦东新区,秦淮区,0.0
金山区,秦淮区,0.0
松江区,秦淮区,0.0
青浦区,秦淮区,0.0
奉贤区,秦淮区,0.0
崇明区,秦淮区,0.0
玄武区,秦淮区,0.0
秦淮区,秦淮区,0.0
建邺区,秦淮区,0.0
鼓楼区,秦淮区,0.0
浦口区,秦淮区,0.0
栖霞区,秦淮区,0.0
雨花台区,秦淮区,0.0
江宁区,秦淮区,0.0
六合区,秦淮区,0.0
溧水区,秦淮区,0.0
高淳区,秦淮区,0.0
锡山区,秦淮区,0.0
惠山区,秦淮区,0.0
滨湖区,秦淮区,0.0
梁溪区,秦淮区,0.0
新吴区,秦淮区,0.0
江阴市,秦淮区,0.0
宜兴市,秦淮区,0.0
天宁区,秦淮区,0.0
钟楼区,秦淮区,0.0
新北区,秦淮区,0.0
武进区,秦淮区,0.0
金坛区,秦淮区,0.0
溧阳市,秦淮区,0.0
虎丘区,秦淮区,0.0
吴中区,秦淮区,0.0
相城区,秦淮区,0.0
姑苏区,秦淮区,0.0
吴江区,秦淮区,0.0
常熟市,秦淮区,0.0
张家港市,秦淮区,0.0
昆山市,秦淮区,0.0
太仓市,秦淮区,0.0
崇川区,秦淮区,0.0
港闸区,秦淮区,0.0
通州区,秦淮区,0.0
如东县,秦淮区,0.0
启东市,秦淮区,0.0
如皋市,秦淮区,0.0
海门市,秦淮区,0.0
海安市,秦淮区,0.0
广陵区,秦淮区,0.0
邗江区,秦淮区,0.0
江都区,秦淮区,0.0
宝应县,秦淮区,0.0
仪征市,秦淮区,0.0
高邮市,秦淮区,0.0
京口区,秦淮区,0.0
润州区,秦淮区,0.0
丹徒区,秦淮区,0.0
丹阳市,秦淮区,0.0
扬中市,秦淮区,0.0
句容市,秦淮区,0.0
海陵区,秦淮区,0.0
高港区,秦淮区,0.0
姜堰区,秦淮区,0.0
兴化市,秦淮区,0.0
靖江市,秦淮区,0.0
泰兴市,秦淮区,0.0
黄浦区,建邺区,0.0
徐汇区,建邺区,0.0
长宁区,建邺区,0.0
静安区,建邺区,0.0
普陀区,建邺区,0.0
虹口区,建邺区,0.0
杨浦区,建邺区,0.0
闵行区,建邺区,0.0
宝山区,建邺区,0.0
嘉定区,建邺区,0.0
浦东新区,建邺区,0.0
金山区,建邺区,0.0
松江区,建邺区,0.0
青浦区,建邺区,0.0
奉贤区,建邺区,0.0
玄武区,建邺区,0.0
秦淮区,建邺区,0.0
建邺区,建邺区,0.0
鼓楼区,建邺区,0.0
浦口区,建邺区,0.0
栖霞区,建邺区,0.0
雨花台区,建邺区,0.0
江宁区,建邺区,0.0
六合区,建邺区,0.0
溧水区,建邺区,0.0
高淳区,建邺区,0.0
锡山区,建邺区,0.0
惠山区,建邺区,0.0
滨湖区,建邺区,0.0
梁溪区,建邺区,0.0
新吴区,建邺区,0.0
江阴市,建邺区,0.0
宜兴市,建邺区,0.0
天宁区,建邺区,0.0
钟楼区,建邺区,0.0
新北区,建邺区,0.0
武进区,建邺区,0.0
金坛区,建邺区,0.0
溧阳市,建邺区,0.0
虎丘区,建邺区,0.0
吴中区,建邺区,0.0
相城区,建邺区,0.0
姑苏区,建邺区,0.0
吴江区,建邺区,0.0
常熟市,建邺区,0.0
张家港市,建邺区,0.0
昆山市,建邺区,0.0
太仓市,建邺区,0.0
崇川区,建邺区,0.0
港闸区,建邺区,0.0
通州区,建邺区,0.0
如东县,建邺区,0.0
启东市,建邺区,0.0
如皋市,建邺区,0.0
海门市,建邺区,0.0
海安市,建邺区,0.0
广陵区,建邺区,0.0
邗江区,建邺区,0.0
江都区,建邺区,0.0
宝应县,建邺区,0.0
仪征市,建邺区,0.0
高邮市,建邺区,0.0
京口区,建邺区,0.0
润州区,建邺区,0.0
丹徒区,建邺区,0.0
丹阳市,建邺区,0.0
扬中市,建邺区,0.0
句容市,建邺区,0.0
海陵区,建邺区,0.0
高港区,建邺区,0.0
姜堰区,建邺区,0.0
兴化市,建邺区,0.0
靖江市,建邺区,0.0
泰兴市,建邺区,0.0
黄浦区,鼓楼区,0.0
徐汇区,鼓楼区,0.0
长宁区,鼓楼区,0.0
静安区,鼓楼区,0.0
普陀区,鼓楼区,0.0
虹口区,鼓楼区,0.0
杨浦区,鼓楼区,0.0
闵行区,鼓楼区,0.0
宝山区,鼓楼区,0.0
嘉定区,鼓楼区,0.0
浦东新区,鼓楼区,0.0
松江区,鼓楼区,0.0
青浦区,鼓楼区,0.0
奉贤区,鼓楼区,0.0
崇明区,鼓楼区,0.0
玄武区,鼓楼区,0.0
秦淮区,鼓楼区,0.0
建邺区,鼓楼区,0.0
鼓楼区,鼓楼区,0.0
浦口区,鼓楼区,0.0
栖霞区,鼓楼区,0.0
雨花台区,鼓楼区,0.0
江宁区,鼓楼区,0.0
六合区,鼓楼区,0.0
溧水区,鼓楼区,0.0
高淳区,鼓楼区,0.0
锡山区,鼓楼区,0.0
惠山区,鼓楼区,0.0
滨湖区,鼓楼区,0.0
梁溪区,鼓楼区,0.0
新吴区,鼓楼区,0.0
江阴市,鼓楼区,0.0
宜兴市,鼓楼区,0.0
天宁区,鼓楼区,0.0
钟楼区,鼓楼区,0.0
新北区,鼓楼区,0.0
武进区,鼓楼区,0.0
金坛区,鼓楼区,0.0
溧阳市,鼓楼区,0.0
虎丘区,鼓楼区,0.0
吴中区,鼓楼区,0.0
相城区,鼓楼区,0.0
姑苏区,鼓楼区,0.0
吴江区,鼓楼区,0.0
常熟市,鼓楼区,0.0
张家港市,鼓楼区,0.0
昆山市,鼓楼区,0.0
太仓市,鼓楼区,0.0
崇川区,鼓楼区,0.0
港闸区,鼓楼区,0.0
通州区,鼓楼区,0.0
如东县,鼓楼区,0.0
启东市,鼓楼区,0.0
如皋市,鼓楼区,0.0
海门市,鼓楼区,0.0
海安市,鼓楼区,0.0
广陵区,鼓楼区,0.0
邗江区,鼓楼区,0.0
江都区,鼓楼区,0.0
宝应县,鼓楼区,0.0
仪征市,鼓楼区,0.0
高邮市,鼓楼区,0.0
京口区,鼓楼区,0.0
润州区,鼓楼区,0.0
丹徒区,鼓楼区,0.0
丹阳市,鼓楼区,0.0
扬中市,鼓楼区,0.0
句容市,鼓楼区,0.0
海陵区,鼓楼区,0.0
高港区,鼓楼区,0.0
姜堰区,鼓楼区,0.0
兴化市,鼓楼区,0.0
靖江市,鼓楼区,0.0
泰兴市,鼓楼区,0.0
黄浦区,浦口区,0.0
徐汇区,浦口区,0.0
长宁区,浦口区,0.0
静安区,浦口区,0.0
普陀区,浦口区,0.0
虹口区,浦口区,0.0
杨浦区,浦口区,0.0
闵行区,浦口区,0.0
宝山区,浦口区,0.0
嘉定区,浦口区,0.0
浦东新区,浦口区,0.0
金山区,浦口区,0.0
松江区,浦口区,0.0
青浦区,浦口区,0.0
奉贤区,浦口区,0.0
崇明区,浦口区,0.0
玄武区,浦口区,0.0
秦淮区,浦口区,0.0
建邺区,浦口区,0.0
鼓楼区,浦口区,0.0
浦口区,浦口区,0.0
栖霞区,浦口区,0.0
雨花台区,浦口区,0.0
江宁区,浦口区,0.0
六合区,浦口区,0.0
溧水区,浦口区,0.0
高淳区,浦口区,0.0
锡山区,浦口区,0.0
惠山区,浦口区,0.0
滨湖区,浦口区,0.0
梁溪区,浦口区,0.0
新吴区,浦口区,0.0
江阴市,浦口区,0.0
宜兴市,浦口区,0.0
天宁区,浦口区,0.0
钟楼区,浦口区,0.0
新北区,浦口区,0.0
武进区,浦口区,0.0
金坛区,浦口区,0.0
溧阳市,浦口区,0.0
虎丘区,浦口区,0.0
吴中区,浦口区,0.0
相城区,浦口区,0.0
姑苏区,浦口区,0.0
吴江区,浦口区,0.0
常熟市,浦口区,0.0
张家港市,浦口区,0.0
昆山市,浦口区,0.0
太仓市,浦口区,0.0
崇川区,浦口区,0.0
港闸区,浦口区,0.0
通州区,浦口区,0.0
如东县,浦口区,0.0
启东市,浦口区,0.0
如皋市,浦口区,0.0
海门市,浦口区,0.0
海安市,浦口区,0.0
广陵区,浦口区,0.0
邗江区,浦口区,0.0
江都区,浦口区,0.0
宝应县,浦口区,0.0
仪征市,浦口区,0.0
高邮市,浦口区,0.0
京口区,浦口区,0.0
润州区,浦口区,0.0
丹徒区,浦口区,0.0
丹阳市,浦口区,0.0
扬中市,浦口区,0.0
句容市,浦口区,0.0
海陵区,浦口区,0.0
高港区,浦口区,0.0
姜堰区,浦口区,0.0
兴化市,浦口区,0.0
靖江市,浦口区,0.0
泰兴市,浦口区,0.0
黄浦区,栖霞区,0.0
徐汇区,栖霞区,0.0
长宁区,栖霞区,0.0
静安区,栖霞区,0.0
普陀区,栖霞区,0.0
虹口区,栖霞区,0.0
杨浦区,栖霞区,0.0
闵行区,栖霞区,0.0
宝山区,栖霞区,0.0
嘉定区,栖霞区,0.0
浦东新区,栖霞区,0.0
金山区,栖霞区,0.0
松江区,栖霞区,0.0
青浦区,栖霞区,0.0
奉贤区,栖霞区,0.0
崇明区,栖霞区,0.0
玄武区,栖霞区,0.0
秦淮区,栖霞区,0.0
建邺区,栖霞区,0.0
鼓楼区,栖霞区,0.0
浦口区,栖霞区,0.0
栖霞区,栖霞区,0.0
雨花台区,栖霞区,0.0
江宁区,栖霞区,0.0
六合区,栖霞区,0.0
溧水区,栖霞区,0.0
高淳区,栖霞区,0.0
锡山区,栖霞区,0.0
惠山区,栖霞区,0.0
滨湖区,栖霞区,0.0
梁溪区,栖霞区,0.0
新吴区,栖霞区,0.0
江阴市,栖霞区,0.0
宜兴市,栖霞区,0.0
天宁区,栖霞区,0.0
钟楼区,栖霞区,0.0
新北区,栖霞区,0.0
武进区,栖霞区,0.0
金坛区,栖霞区,0.0
溧阳市,栖霞区,0.0
虎丘区,栖霞区,0.0
吴中区,栖霞区,0.0
相城区,栖霞区,0.0
姑苏区,栖霞区,0.0
吴江区,栖霞区,0.0
常熟市,栖霞区,0.0
张家港市,栖霞区,0.0
昆山市,栖霞区,0.0
太仓市,栖霞区,0.0
崇川区,栖霞区,0.0
港闸区,栖霞区,0.0
通州区,栖霞区,0.0
如东县,栖霞区,0.0
启东市,栖霞区,0.0
如皋市,栖霞区,0.0
海门市,栖霞区,0.0
海安市,栖霞区,0.0
广陵区,栖霞区,0.0
邗江区,栖霞区,0.0
江都区,栖霞区,0.0
宝应县,栖霞区,0.0
仪征市,栖霞区,0.0
高邮市,栖霞区,0.0
京口区,栖霞区,0.0
润州区,栖霞区,0.0
丹徒区,栖霞区,0.0
丹阳市,栖霞区,0.0
扬中市,栖霞区,0.0
句容市,栖霞区,0.0
海陵区,栖霞区,0.0
高港区,栖霞区,0.0
姜堰区,栖霞区,0.0
兴化市,栖霞区,0.0
靖江市,栖霞区,0.0
泰兴市,栖霞区,0.0
黄浦区,雨花台区,0.0
徐汇区,雨花台区,0.0
长宁区,雨花台区,0.0
静安区,雨花台区,0.0
普陀区,雨花台区,0.0
虹口区,雨花台区,0.0
杨浦区,雨花台区,0.0
闵行区,雨花台区,0.0
宝山区,雨花台区,0.0
嘉定区,雨花台区,0.0
浦东新区,雨花台区,0.0
金山区,雨花台区,0.0
松江区,雨花台区,0.0
青浦区,雨花台区,0.0
奉贤区,雨花台区,0.0
崇明区,雨花台区,0.0
玄武区,雨花台区,0.0
秦淮区,雨花台区,0.0
建邺区,雨花台区,0.0
鼓楼区,雨花台区,0.0
浦口区,雨花台区,0.0
栖霞区,雨花台区,0.0
雨花台区,雨花台区,0.0
江宁区,雨花台区,0.0
六合区,雨花台区,0.0
溧水区,雨花台区,0.0
高淳区,雨花台区,0.0
锡山区,雨花台区,0.0
惠山区,雨花台区,0.0
滨湖区,雨花台区,0.0
梁溪区,雨花台区,0.0
新吴区,雨花台区,0.0
江阴市,雨花台区,0.0
宜兴市,雨花台区,0.0
天宁区,雨花台区,0.0
钟楼区,雨花台区,0.0
新北区,雨花台区,0.0
武进区,雨花台区,0.0
金坛区,雨花台区,0.0
溧阳市,雨花台区,0.0
虎丘区,雨花台区,0.0
吴中区,雨花台区,0.0
相城区,雨花台区,0.0
姑苏区,雨花台区,0.0
吴江区,雨花台区,0.0
常熟市,雨花台区,0.0
张家港市,雨花台区,0.0
昆山市,雨花台区,0.0
太仓市,雨花台区,0.0
崇川区,雨花台区,0.0
港闸区,雨花台区,0.0
通州区,雨花台区,0.0
如东县,雨花台区,0.0
启东市,雨花台区,0.0
如皋市,雨花台区,0.0
海门市,雨花台区,0.0
海安市,雨花台区,0.0
广陵区,雨花台区,0.0
邗江区,雨花台区,0.0
江都区,雨花台区,0.0
宝应县,雨花台区,0.0
仪征市,雨花台区,0.0
高邮市,雨花台区,0.0
京口区,雨花台区,0.0
润州区,雨花台区,0.0
丹徒区,雨花台区,0.0
丹阳市,雨花台区,0.0
扬中市,雨花台区,0.0
句容市,雨花台区,0.0
海陵区,雨花台区,0.0
高港区,雨花台区,0.0
姜堰区,雨花台区,0.0
兴化市,雨花台区,0.0
靖江市,雨花台区,0.0
泰兴市,雨花台区,0.0
黄浦区,江宁区,0.0
徐汇区,江宁区,0.0
长宁区,江宁区,0.0
静安区,江宁区,0.0
普陀区,江宁区,0.0
虹口区,江宁区,0.0
杨浦区,江宁区,0.0
闵行区,江宁区,0.0
宝山区,江宁区,0.0
嘉定区,江宁区,0.0
浦东新区,江宁区,0.0
金山区,江宁区,0.0
松江区,江宁区,0.0
青浦区,江宁区,0.0
奉贤区,江宁区,0.0
崇明区,江宁区,0.0
玄武区,江宁区,0.0
秦淮区,江宁区,0.0
建邺区,江宁区,0.0
鼓楼区,江宁区,0.0
浦口区,江宁区,0.0
栖霞区,江宁区,0.0
雨花台区,江宁区,0.0
江宁区,江宁区,0.0
六合区,江宁区,0.0
溧水区,江宁区,0.0
高淳区,江宁区,0.0
锡山区,江宁区,0.0
惠山区,江宁区,0.0
滨湖区,江宁区,0.0
梁溪区,江宁区,0.0
新吴区,江宁区,0.0
江阴市,江宁区,0.0
宜兴市,江宁区,0.0
天宁区,江宁区,0.0
钟楼区,江宁区,0.0
新北区,江宁区,0.0
武进区,江宁区,0.0
金坛区,江宁区,0.0
溧阳市,江宁区,0.0
虎丘区,江宁区,0.0
吴中区,江宁区,0.0
相城区,江宁区,0.0
姑苏区,江宁区,0.0
吴江区,江宁区,0.0
常熟市,江宁区,0.0
张家港市,江宁区,0.0
昆山市,江宁区,0.0
太仓市,江宁区,0.0
崇川区,江宁区,0.0
港闸区,江宁区,0.0
通州区,江宁区,0.0
如东县,江宁区,0.0
启东市,江宁区,0.0
如皋市,江宁区,0.0
海门市,江宁区,0.0
海安市,江宁区,0.0
广陵区,江宁区,0.0
邗江区,江宁区,0.0
江都区,江宁区,0.0
宝应县,江宁区,0.0
仪征市,江宁区,0.0
高邮市,江宁区,0.0
京口区,江宁区,0.0
润州区,江宁区,0.0
丹徒区,江宁区,0.0
丹阳市,江宁区,0.0
扬中市,江宁区,0.0
句容市,江宁区,0.0
海陵区,江宁区,0.0
高港区,江宁区,0.0
姜堰区,江宁区,0.0
兴化市,江宁区,0.0
靖江市,江宁区,0.0
泰兴市,江宁区,0.0
黄浦区,六合区,0.0
徐汇区,六合区,0.0
长宁区,六合区,0.0
静安区,六合区,0.0
普陀区,六合区,0.0
虹口区,六合区,0.0
杨浦区,六合区,0.0
闵行区,六合区,0.0
宝山区,六合区,0.0
嘉定区,六合区,0.0
浦东新区,六合区,0.0
金山区,六合区,0.0
松江区,六合区,0.0
青浦区,六合区,0.0
奉贤区,六合区,0.0
玄武区,六合区,0.0
秦淮区,六合区,0.0
建邺区,六合区,0.0
鼓楼区,六合区,0.0
浦口区,六合区,0.0
栖霞区,六合区,0.0
雨花台区,六合区,0.0
江宁区,六合区,0.0
六合区,六合区,0.0
溧水区,六合区,0.0
高淳区,六合区,0.0
锡山区,六合区,0.0
惠山区,六合区,0.0
滨湖区,六合区,0.0
梁溪区,六合区,0.0
新吴区,六合区,0.0
江阴市,六合区,0.0
宜兴市,六合区,0.0
天宁区,六合区,0.0
钟楼区,六合区,0.0
新北区,六合区,0.0
武进区,六合区,0.0
金坛区,六合区,0.0
溧阳市,六合区,0.0
虎丘区,六合区,0.0
吴中区,六合区,0.0
相城区,六合区,0.0
姑苏区,六合区,0.0
吴江区,六合区,0.0
常熟市,六合区,0.0
张家港市,六合区,0.0
昆山市,六合区,0.0
太仓市,六合区,0.0
崇川区,六合区,0.0
港闸区,六合区,0.0
通州区,六合区,0.0
如东县,六合区,0.0
启东市,六合区,0.0
如皋市,六合区,0.0
海安市,六合区,0.0
广陵区,六合区,0.0
邗江区,六合区,0.0
江都区,六合区,0.0
宝应县,六合区,0.0
仪征市,六合区,0.0
高邮市,六合区,0.0
京口区,六合区,0.0
润州区,六合区,0.0
丹徒区,六合区,0.0
丹阳市,六合区,0.0
扬中市,六合区,0.0
句容市,六合区,0.0
海陵区,六合区,0.0
高港区,六合区,0.0
姜堰区,六合区,0.0
兴化市,六合区,0.0
靖江市,六合区,0.0
泰兴市,六合区,0.0
黄浦区,溧水区,0.0
徐汇区,溧水区,0.0
普陀区,溧水区,0.0
杨浦区,溧水区,0.0
闵行区,溧水区,0.0
宝山区,溧水区,0.0
嘉定区,溧水区,0.0
浦东新区,溧水区,0.0
金山区,溧水区,0.0
松江区,溧水区,0.0
青浦区,溧水区,0.0
奉贤区,溧水区,0.0
玄武区,溧水区,0.0
秦淮区,溧水区,0.0
建邺区,溧水区,0.0
鼓楼区,溧水区,0.0
浦口区,溧水区,0.0
栖霞区,溧水区,0.0
雨花台区,溧水区,0.0
江宁区,溧水区,0.0
六合区,溧水区,0.0
溧水区,溧水区,0.0
高淳区,溧水区,0.0
锡山区,溧水区,0.0
惠山区,溧水区,0.0
滨湖区,溧水区,0.0
梁溪区,溧水区,0.0
新吴区,溧水区,0.0
江阴市,溧水区,0.0
宜兴市,溧水区,0.0
天宁区,溧水区,0.0
钟楼区,溧水区,0.0
新北区,溧水区,0.0
武进区,溧水区,0.0
金坛区,溧水区,0.0
溧阳市,溧水区,0.0
虎丘区,溧水区,0.0
吴中区,溧水区,0.0
相城区,溧水区,0.0
姑苏区,溧水区,0.0
吴江区,溧水区,0.0
常熟市,溧水区,0.0
张家港市,溧水区,0.0
昆山市,溧水区,0.0
太仓市,溧水区,0.0
崇川区,溧水区,0.0
港闸区,溧水区,0.0
通州区,溧水区,0.0
如东县,溧水区,0.0
启东市,溧水区,0.0
如皋市,溧水区,0.0
海门市,溧水区,0.0
海安市,溧水区,0.0
广陵区,溧水区,0.0
邗江区,溧水区,0.0
江都区,溧水区,0.0
宝应县,溧水区,0.0
仪征市,溧水区,0.0
高邮市,溧水区,0.0
京口区,溧水区,0.0
润州区,溧水区,0.0
丹徒区,溧水区,0.0
丹阳市,溧水区,0.0
扬中市,溧水区,0.0
句容市,溧水区,0.0
海陵区,溧水区,0.0
高港区,溧水区,0.0
姜堰区,溧水区,0.0
兴化市,溧水区,0.0
靖江市,溧水区,0.0
泰兴市,溧水区,0.0
黄浦区,高淳区,0.0
徐汇区,高淳区,0.0
长宁区,高淳区,0.0
静安区,高淳区,0.0
普陀区,高淳区,0.0
杨浦区,高淳区,0.0
闵行区,高淳区,0.0
宝山区,高淳区,0.0
嘉定区,高淳区,0.0
浦东新区,高淳区,0.0
金山区,高淳区,0.0
松江区,高淳区,0.0
青浦区,高淳区,0.0
奉贤区,高淳区,0.0
玄武区,高淳区,0.0
秦淮区,高淳区,0.0
建邺区,高淳区,0.0
鼓楼区,高淳区,0.0
浦口区,高淳区,0.0
栖霞区,高淳区,0.0
雨花台区,高淳区,0.0
江宁区,高淳区,0.0
六合区,高淳区,0.0
溧水区,高淳区,0.0
高淳区,高淳区,0.0
锡山区,高淳区,0.0
惠山区,高淳区,0.0
滨湖区,高淳区,0.0
梁溪区,高淳区,0.0
新吴区,高淳区,0.0
江阴市,高淳区,0.0
宜兴市,高淳区,0.0
天宁区,高淳区,0.0
钟楼区,高淳区,0.0
新北区,高淳区,0.0
武进区,高淳区,0.0
金坛区,高淳区,0.0
溧阳市,高淳区,0.0
虎丘区,高淳区,0.0
吴中区,高淳区,0.0
相城区,高淳区,0.0
姑苏区,高淳区,0.0
吴江区,高淳区,0.0
常熟市,高淳区,0.0
张家港市,高淳区,0.0
昆山市,高淳区,0.0
太仓市,高淳区,0.0
港闸区,高淳区,0.0
通州区,高淳区,0.0
如东县,高淳区,0.0
启东市,高淳区,0.0
如皋市,高淳区,0.0
广陵区,高淳区,0.0
邗江区,高淳区,0.0
江都区,高淳区,0.0
仪征市,高淳区,0.0
高邮市,高淳区,0.0
京口区,高淳区,0.0
润州区,高淳区,0.0
丹徒区,高淳区,0.0
丹阳市,高淳区,0.0
句容市,高淳区,0.0
海陵区,高淳区,0.0
高港区,高淳区,0.0
姜堰区,高淳区,0.0
兴化市,高淳区,0.0
靖江市,高淳区,0.0
泰兴市,高淳区,0.0
黄浦区,锡山区,0.0
徐汇区,锡山区,0.0
长宁区,锡山区,0.0
静安区,锡山区,0.0
普陀区,锡山区,0.0
虹口区,锡山区,0.0
杨浦区,锡山区,0.0
闵行区,锡山区,0.0
宝山区,锡山区,0.0
嘉定区,锡山区,0.0
浦东新区,锡山区,0.0
金山区,锡山区,0.0
松江区,锡山区,0.0
青浦区,锡山区,0.0
奉贤区,锡山区,0.0
崇明区,锡山区,0.0
玄武区,锡山区,0.0
秦淮区,锡山区,0.0
建邺区,锡山区,0.0
鼓楼区,锡山区,0.0
浦口区,锡山区,0.0
栖霞区,锡山区,0.0
雨花台区,锡山区,0.0
江宁区,锡山区,0.0
六合区,锡山区,0.0
溧水区,锡山区,0.0
高淳区,锡山区,0.0
锡山区,锡山区,0.0
惠山区,锡山区,0.0
滨湖区,锡山区,0.0
梁溪区,锡山区,0.0
新吴区,锡山区,0.0
江阴市,锡山区,0.0
宜兴市,锡山区,0.0
天宁区,锡山区,0.0
钟楼区,锡山区,0.0
新北区,锡山区,0.0
武进区,锡山区,0.0
金坛区,锡山区,0.0
溧阳市,锡山区,0.0
虎丘区,锡山区,0.0
吴中区,锡山区,0.0
相城区,锡山区,0.0
姑苏区,锡山区,0.0
吴江区,锡山区,0.0
常熟市,锡山区,0.0
张家港市,锡山区,0.0
昆山市,锡山区,0.0
太仓市,锡山区,0.0
崇川区,锡山区,0.0
港闸区,锡山区,0.0
通州区,锡山区,0.0
如东县,锡山区,0.0
启东市,锡山区,0.0
如皋市,锡山区,0.0
海门市,锡山区,0.0
海安市,锡山区,0.0
邗江区,锡山区,0.0
江都区,锡山区,0.0
宝应县,锡山区,0.0
仪征市,锡山区,0.0
高邮市,锡山区,0.0
京口区,锡山区,0.0
润州区,锡山区,0.0
丹徒区,锡山区,0.0
丹阳市,锡山区,0.0
句容市,锡山区,0.0
海陵区,锡山区,0.0
高港区,锡山区,0.0
姜堰区,锡山区,0.0
兴化市,锡山区,0.0
靖江市,锡山区,0.0
泰兴市,锡山区,0.0
黄浦区,惠山区,0.0
徐汇区,惠山区,0.0
长宁区,惠山区,0.0
静安区,惠山区,0.0
普陀区,惠山区,0.0
虹口区,惠山区,0.0
杨浦区,惠山区,0.0
闵行区,惠山区,0.0
宝山区,惠山区,0.0
嘉定区,惠山区,0.0
浦东新区,惠山区,0.0
金山区,惠山区,0.0
松江区,惠山区,0.0
青浦区,惠山区,0.0
奉贤区,惠山区,0.0
崇明区,惠山区,0.0
玄武区,惠山区,0.0
秦淮区,惠山区,0.0
建邺区,惠山区,0.0
鼓楼区,惠山区,0.0
浦口区,惠山区,0.0
栖霞区,惠山区,0.0
雨花台区,惠山区,0.0
江宁区,惠山区,0.0
六合区,惠山区,0.0
溧水区,惠山区,0.0
高淳区,惠山区,0.0
锡山区,惠山区,0.0
惠山区,惠山区,0.0
滨湖区,惠山区,0.0
梁溪区,惠山区,0.0
新吴区,惠山区,0.0
江阴市,惠山区,0.0
宜兴市,惠山区,0.0
天宁区,惠山区,0.0
钟楼区,惠山区,0.0
新北区,惠山区,0.0
武进区,惠山区,0.0
金坛区,惠山区,0.0
溧阳市,惠山区,0.0
虎丘区,惠山区,0.0
吴中区,惠山区,0.0
相城区,惠山区,0.0
姑苏区,惠山区,0.0
吴江区,惠山区,0.0
常熟市,惠山区,0.0
张家港市,惠山区,0.0
昆山市,惠山区,0.0
太仓市,惠山区,0.0
崇川区,惠山区,0.0
港闸区,惠山区,0.0
通州区,惠山区,0.0
如东县,惠山区,0.0
启东市,惠山区,0.0
如皋市,惠山区,0.0
海门市,惠山区,0.0
海安市,惠山区,0.0
广陵区,惠山区,0.0
邗江区,惠山区,0.0
江都区,惠山区,0.0
宝应县,惠山区,0.0
仪征市,惠山区,0.0
高邮市,惠山区,0.0
京口区,惠山区,0.0
润州区,惠山区,0.0
丹徒区,惠山区,0.0
丹阳市,惠山区,0.0
扬中市,惠山区,0.0
句容市,惠山区,0.0
海陵区,惠山区,0.0
高港区,惠山区,0.0
姜堰区,惠山区,0.0
兴化市,惠山区,0.0
靖江市,惠山区,0.0
泰兴市,惠山区,0.0
黄浦区,滨湖区,0.0
徐汇区,滨湖区,0.0
长宁区,滨湖区,0.0
静安区,滨湖区,0.0
普陀区,滨湖区,0.0
虹口区,滨湖区,0.0
杨浦区,滨湖区,0.0
闵行区,滨湖区,0.0
宝山区,滨湖区,0.0
嘉定区,滨湖区,0.0
浦东新区,滨湖区,0.0
金山区,滨湖区,0.0
松江区,滨湖区,0.0
青浦区,滨湖区,0.0
奉贤区,滨湖区,0.0
崇明区,滨湖区,0.0
玄武区,滨湖区,0.0
秦淮区,滨湖区,0.0
建邺区,滨湖区,0.0
鼓楼区,滨湖区,0.0
浦口区,滨湖区,0.0
栖霞区,滨湖区,0.0
雨花台区,滨湖区,0.0
江宁区,滨湖区,0.0
六合区,滨湖区,0.0
溧水区,滨湖区,0.0
高淳区,滨湖区,0.0
锡山区,滨湖区,0.0
惠山区,滨湖区,0.0
滨湖区,滨湖区,0.0
梁溪区,滨湖区,0.0
新吴区,滨湖区,0.0
江阴市,滨湖区,0.0
宜兴市,滨湖区,0.0
天宁区,滨湖区,0.0
钟楼区,滨湖区,0.0
新北区,滨湖区,0.0
武进区,滨湖区,0.0
金坛区,滨湖区,0.0
溧阳市,滨湖区,0.0
虎丘区,滨湖区,0.0
吴中区,滨湖区,0.0
相城区,滨湖区,0.0
姑苏区,滨湖区,0.0
吴江区,滨湖区,0.0
常熟市,滨湖区,0.0
张家港市,滨湖区,0.0
昆山市,滨湖区,0.0
太仓市,滨湖区,0.0
崇川区,滨湖区,0.0
港闸区,滨湖区,0.0
通州区,滨湖区,0.0
如东县,滨湖区,0.0
启东市,滨湖区,0.0
如皋市,滨湖区,0.0
海门市,滨湖区,0.0
海安市,滨湖区,0.0
广陵区,滨湖区,0.0
邗江区,滨湖区,0.0
江都区,滨湖区,0.0
宝应县,滨湖区,0.0
仪征市,滨湖区,0.0
高邮市,滨湖区,0.0
京口区,滨湖区,0.0
润州区,滨湖区,0.0
丹徒区,滨湖区,0.0
丹阳市,滨湖区,0.0
扬中市,滨湖区,0.0
句容市,滨湖区,0.0
海陵区,滨湖区,0.0
高港区,滨湖区,0.0
姜堰区,滨湖区,0.0
兴化市,滨湖区,0.0
靖江市,滨湖区,0.0
泰兴市,滨湖区,0.0
黄浦区,梁溪区,0.0
徐汇区,梁溪区,0.0
长宁区,梁溪区,0.0
静安区,梁溪区,0.0
普陀区,梁溪区,0.0
虹口区,梁溪区,0.0
杨浦区,梁溪区,0.0
闵行区,梁溪区,0.0
宝山区,梁溪区,0.0
嘉定区,梁溪区,0.0
浦东新区,梁溪区,0.0
金山区,梁溪区,0.0
松江区,梁溪区,0.0
青浦区,梁溪区,0.0
奉贤区,梁溪区,0.0
崇明区,梁溪区,0.0
玄武区,梁溪区,0.0
秦淮区,梁溪区,0.0
建邺区,梁溪区,0.0
鼓楼区,梁溪区,0.0
浦口区,梁溪区,0.0
栖霞区,梁溪区,0.0
雨花台区,梁溪区,0.0
江宁区,梁溪区,0.0
六合区,梁溪区,0.0
溧水区,梁溪区,0.0
高淳区,梁溪区,0.0
锡山区,梁溪区,0.0
惠山区,梁溪区,0.0
滨湖区,梁溪区,0.0
梁溪区,梁溪区,0.0
新吴区,梁溪区,0.0
江阴市,梁溪区,0.0
宜兴市,梁溪区,0.0
天宁区,梁溪区,0.0
钟楼区,梁溪区,0.0
新北区,梁溪区,0.0
武进区,梁溪区,0.0
金坛区,梁溪区,0.0
溧阳市,梁溪区,0.0
虎丘区,梁溪区,0.0
吴中区,梁溪区,0.0
相城区,梁溪区,0.0
姑苏区,梁溪区,0.0
吴江区,梁溪区,0.0
常熟市,梁溪区,0.0
张家港市,梁溪区,0.0
昆山市,梁溪区,0.0
太仓市,梁溪区,0.0
崇川区,梁溪区,0.0
港闸区,梁溪区,0.0
通州区,梁溪区,0.0
如东县,梁溪区,0.0
启东市,梁溪区,0.0
如皋市,梁溪区,0.0
海门市,梁溪区,0.0
海安市,梁溪区,0.0
广陵区,梁溪区,0.0
邗江区,梁溪区,0.0
江都区,梁溪区,0.0
宝应县,梁溪区,0.0
仪征市,梁溪区,0.0
高邮市,梁溪区,0.0
京口区,梁溪区,0.0
润州区,梁溪区,0.0
丹徒区,梁溪区,0.0
丹阳市,梁溪区,0.0
句容市,梁溪区,0.0
海陵区,梁溪区,0.0
高港区,梁溪区,0.0
姜堰区,梁溪区,0.0
兴化市,梁溪区,0.0
靖江市,梁溪区,0.0
泰兴市,梁溪区,0.0
黄浦区,新吴区,0.0
徐汇区,新吴区,0.0
长宁区,新吴区,0.0
静安区,新吴区,0.0
普陀区,新吴区,0.0
虹口区,新吴区,0.0
杨浦区,新吴区,0.0
闵行区,新吴区,0.0
宝山区,新吴区,0.0
嘉定区,新吴区,0.0
浦东新区,新吴区,0.0
金山区,新吴区,0.0
松江区,新吴区,0.0
青浦区,新吴区,0.0
奉贤区,新吴区,0.0
崇明区,新吴区,0.0
玄武区,新吴区,0.0
秦淮区,新吴区,0.0
建邺区,新吴区,0.0
鼓楼区,新吴区,0.0
浦口区,新吴区,0.0
栖霞区,新吴区,0.0
雨花台区,新吴区,0.0
江宁区,新吴区,0.0
六合区,新吴区,0.0
溧水区,新吴区,0.0
高淳区,新吴区,0.0
锡山区,新吴区,0.0
惠山区,新吴区,0.0
滨湖区,新吴区,0.0
梁溪区,新吴区,0.0
新吴区,新吴区,0.0
江阴市,新吴区,0.0
宜兴市,新吴区,0.0
天宁区,新吴区,0.0
钟楼区,新吴区,0.0
新北区,新吴区,0.0
武进区,新吴区,0.0
金坛区,新吴区,0.0
溧阳市,新吴区,0.0
虎丘区,新吴区,0.0
吴中区,新吴区,0.0
相城区,新吴区,0.0
姑苏区,新吴区,0.0
吴江区,新吴区,0.0
常熟市,新吴区,0.0
张家港市,新吴区,0.0
昆山市,新吴区,0.0
太仓市,新吴区,0.0
崇川区,新吴区,0.0
港闸区,新吴区,0.0
通州区,新吴区,0.0
如东县,新吴区,0.0
启东市,新吴区,0.0
如皋市,新吴区,0.0
海门市,新吴区,0.0
海安市,新吴区,0.0
广陵区,新吴区,0.0
邗江区,新吴区,0.0
江都区,新吴区,0.0
宝应县,新吴区,0.0
仪征市,新吴区,0.0
高邮市,新吴区,0.0
京口区,新吴区,0.0
润州区,新吴区,0.0
丹徒区,新吴区,0.0
丹阳市,新吴区,0.0
扬中市,新吴区,0.0
句容市,新吴区,0.0
海陵区,新吴区,0.0
高港区,新吴区,0.0
姜堰区,新吴区,0.0
兴化市,新吴区,0.0
靖江市,新吴区,0.0
泰兴市,新吴区,0.0
黄浦区,江阴市,0.0
徐汇区,江阴市,0.0
长宁区,江阴市,0.0
静安区,江阴市,0.0
普陀区,江阴市,0.0
虹口区,江阴市,0.0
杨浦区,江阴市,0.0
闵行区,江阴市,0.0
宝山区,江阴市,0.0
嘉定区,江阴市,0.0
浦东新区,江阴市,0.0
金山区,江阴市,0.0
松江区,江阴市,0.0
青浦区,江阴市,0.0
奉贤区,江阴市,0.0
崇明区,江阴市,0.0
玄武区,江阴市,0.0
秦淮区,江阴市,0.0
建邺区,江阴市,0.0
鼓楼区,江阴市,0.0
浦口区,江阴市,0.0
栖霞区,江阴市,0.0
雨花台区,江阴市,0.0
江宁区,江阴市,0.0
六合区,江阴市,0.0
溧水区,江阴市,0.0
高淳区,江阴市,0.0
锡山区,江阴市,0.0
惠山区,江阴市,0.0
滨湖区,江阴市,0.0
梁溪区,江阴市,0.0
新吴区,江阴市,0.0
江阴市,江阴市,0.0
宜兴市,江阴市,0.0
天宁区,江阴市,0.0
钟楼区,江阴市,0.0
新北区,江阴市,0.0
武进区,江阴市,0.0
金坛区,江阴市,0.0
溧阳市,江阴市,0.0
虎丘区,江阴市,0.0
吴中区,江阴市,0.0
相城区,江阴市,0.0
姑苏区,江阴市,0.0
吴江区,江阴市,0.0
常熟市,江阴市,0.0
张家港市,江阴市,0.0
昆山市,江阴市,0.0
太仓市,江阴市,0.0
崇川区,江阴市,0.0
港闸区,江阴市,0.0
通州区,江阴市,0.0
如东县,江阴市,0.0
启东市,江阴市,0.0
如皋市,江阴市,0.0
海门市,江阴市,0.0
海安市,江阴市,0.0
广陵区,江阴市,0.0
邗江区,江阴市,0.0
江都区,江阴市,0.0
宝应县,江阴市,0.0
仪征市,江阴市,0.0
高邮市,江阴市,0.0
京口区,江阴市,0.0
润州区,江阴市,0.0
丹徒区,江阴市,0.0
丹阳市,江阴市,0.0
扬中市,江阴市,0.0
句容市,江阴市,0.0
海陵区,江阴市,0.0
高港区,江阴市,0.0
姜堰区,江阴市,0.0
兴化市,江阴市,0.0
靖江市,江阴市,0.0
泰兴市,江阴市,0.0
黄浦区,宜兴市,0.0
徐汇区,宜兴市,0.0
长宁区,宜兴市,0.0
静安区,宜兴市,0.0
普陀区,宜兴市,0.0
虹口区,宜兴市,0.0
杨浦区,宜兴市,0.0
闵行区,宜兴市,0.0
宝山区,宜兴市,0.0
嘉定区,宜兴市,0.0
浦东新区,宜兴市,0.0
金山区,宜兴市,0.0
松江区,宜兴市,0.0
青浦区,宜兴市,0.0
奉贤区,宜兴市,0.0
崇明区,宜兴市,0.0
玄武区,宜兴市,0.0
秦淮区,宜兴市,0.0
建邺区,宜兴市,0.0
鼓楼区,宜兴市,0.0
浦口区,宜兴市,0.0
栖霞区,宜兴市,0.0
雨花台区,宜兴市,0.0
江宁区,宜兴市,0.0
六合区,宜兴市,0.0
溧水区,宜兴市,0.0
高淳区,宜兴市,0.0
锡山区,宜兴市,0.0
惠山区,宜兴市,0.0
滨湖区,宜兴市,0.0
梁溪区,宜兴市,0.0
新吴区,宜兴市,0.0
江阴市,宜兴市,0.0
宜兴市,宜兴市,0.0
天宁区,宜兴市,0.0
钟楼区,宜兴市,0.0
新北区,宜兴市,0.0
武进区,宜兴市,0.0
金坛区,宜兴市,0.0
溧阳市,宜兴市,0.0
虎丘区,宜兴市,0.0
吴中区,宜兴市,0.0
相城区,宜兴市,0.0
姑苏区,宜兴市,0.0
吴江区,宜兴市,0.0
常熟市,宜兴市,0.0
张家港市,宜兴市,0.0
昆山市,宜兴市,0.0
太仓市,宜兴市,0.0
崇川区,宜兴市,0.0
港闸区,宜兴市,0.0
通州区,宜兴市,0.0
如东县,宜兴市,0.0
启东市,宜兴市,0.0
如皋市,宜兴市,0.0
海门市,宜兴市,0.0
海安市,宜兴市,0.0
广陵区,宜兴市,0.0
邗江区,宜兴市,0.0
江都区,宜兴市,0.0
宝应县,宜兴市,0.0
仪征市,宜兴市,0.0
高邮市,宜兴市,0.0
京口区,宜兴市,0.0
润州区,宜兴市,0.0
丹徒区,宜兴市,0.0
丹阳市,宜兴市,0.0
扬中市,宜兴市,0.0
句容市,宜兴市,0.0
海陵区,宜兴市,0.0
高港区,宜兴市,0.0
姜堰区,宜兴市,0.0
兴化市,宜兴市,0.0
靖江市,宜兴市,0.0
泰兴市,宜兴市,0.0
黄浦区,天宁区,0.0
徐汇区,天宁区,0.0
长宁区,天宁区,0.0
静安区,天宁区,0.0
普陀区,天宁区,0.0
虹口区,天宁区,0.0
杨浦区,天宁区,0.0
闵行区,天宁区,0.0
宝山区,天宁区,0.0
嘉定区,天宁区,0.0
浦东新区,天宁区,0.0
金山区,天宁区,0.0
松江区,天宁区,0.0
青浦区,天宁区,0.0
奉贤区,天宁区,0.0
崇明区,天宁区,0.0
玄武区,天宁区,0.0
秦淮区,天宁区,0.0
建邺区,天宁区,0.0
鼓楼区,天宁区,0.0
浦口区,天宁区,0.0
栖霞区,天宁区,0.0
雨花台区,天宁区,0.0
江宁区,天宁区,0.0
六合区,天宁区,0.0
溧水区,天宁区,0.0
高淳区,天宁区,0.0
锡山区,天宁区,0.0
惠山区,天宁区,0.0
滨湖区,天宁区,0.0
梁溪区,天宁区,0.0
新吴区,天宁区,0.0
江阴市,天宁区,0.0
宜兴市,天宁区,0.0
天宁区,天宁区,0.0
钟楼区,天宁区,0.0
新北区,天宁区,0.0
武进区,天宁区,0.0
金坛区,天宁区,0.0
溧阳市,天宁区,0.0
虎丘区,天宁区,0.0
吴中区,天宁区,0.0
相城区,天宁区,0.0
姑苏区,天宁区,0.0
吴江区,天宁区,0.0
常熟市,天宁区,0.0
张家港市,天宁区,0.0
昆山市,天宁区,0.0
太仓市,天宁区,0.0
崇川区,天宁区,0.0
港闸区,天宁区,0.0
通州区,天宁区,0.0
如东县,天宁区,0.0
启东市,天宁区,0.0
如皋市,天宁区,0.0
海门市,天宁区,0.0
海安市,天宁区,0.0
广陵区,天宁区,0.0
邗江区,天宁区,0.0
江都区,天宁区,0.0
宝应县,天宁区,0.0
仪征市,天宁区,0.0
高邮市,天宁区,0.0
京口区,天宁区,0.0
润州区,天宁区,0.0
丹徒区,天宁区,0.0
丹阳市,天宁区,0.0
扬中市,天宁区,0.0
句容市,天宁区,0.0
海陵区,天宁区,0.0
高港区,天宁区,0.0
姜堰区,天宁区,0.0
兴化市,天宁区,0.0
靖江市,天宁区,0.0
泰兴市,天宁区,0.0
黄浦区,钟楼区,0.0
徐汇区,钟楼区,0.0
长宁区,钟楼区,0.0
静安区,钟楼区,0.0
普陀区,钟楼区,0.0
虹口区,钟楼区,0.0
杨浦区,钟楼区,0.0
闵行区,钟楼区,0.0
宝山区,钟楼区,0.0
嘉定区,钟楼区,0.0
浦东新区,钟楼区,0.0
金山区,钟楼区,0.0
松江区,钟楼区,0.0
青浦区,钟楼区,0.0
奉贤区,钟楼区,0.0
崇明区,钟楼区,0.0
玄武区,钟楼区,0.0
秦淮区,钟楼区,0.0
建邺区,钟楼区,0.0
鼓楼区,钟楼区,0.0
浦口区,钟楼区,0.0
栖霞区,钟楼区,0.0
雨花台区,钟楼区,0.0
江宁区,钟楼区,0.0
六合区,钟楼区,0.0
溧水区,钟楼区,0.0
高淳区,钟楼区,0.0
锡山区,钟楼区,0.0
惠山区,钟楼区,0.0
滨湖区,钟楼区,0.0
梁溪区,钟楼区,0.0
新吴区,钟楼区,0.0
江阴市,钟楼区,0.0
宜兴市,钟楼区,0.0
天宁区,钟楼区,0.0
钟楼区,钟楼区,0.0
新北区,钟楼区,0.0
武进区,钟楼区,0.0
金坛区,钟楼区,0.0
溧阳市,钟楼区,0.0
虎丘区,钟楼区,0.0
吴中区,钟楼区,0.0
相城区,钟楼区,0.0
姑苏区,钟楼区,0.0
吴江区,钟楼区,0.0
常熟市,钟楼区,0.0
张家港市,钟楼区,0.0
昆山市,钟楼区,0.0
太仓市,钟楼区,0.0
崇川区,钟楼区,0.0
通州区,钟楼区,0.0
如东县,钟楼区,0.0
启东市,钟楼区,0.0
如皋市,钟楼区,0.0
海门市,钟楼区,0.0
海安市,钟楼区,0.0
广陵区,钟楼区,0.0
邗江区,钟楼区,0.0
江都区,钟楼区,0.0
宝应县,钟楼区,0.0
仪征市,钟楼区,0.0
高邮市,钟楼区,0.0
京口区,钟楼区,0.0
润州区,钟楼区,0.0
丹徒区,钟楼区,0.0
丹阳市,钟楼区,0.0
扬中市,钟楼区,0.0
句容市,钟楼区,0.0
海陵区,钟楼区,0.0
高港区,钟楼区,0.0
姜堰区,钟楼区,0.0
兴化市,钟楼区,0.0
靖江市,钟楼区,0.0
泰兴市,钟楼区,0.0
黄浦区,新北区,0.0
徐汇区,新北区,0.0
长宁区,新北区,0.0
静安区,新北区,0.0
普陀区,新北区,0.0
虹口区,新北区,0.0
杨浦区,新北区,0.0
闵行区,新北区,0.0
宝山区,新北区,0.0
嘉定区,新北区,0.0
浦东新区,新北区,0.0
金山区,新北区,0.0
松江区,新北区,0.0
青浦区,新北区,0.0
奉贤区,新北区,0.0
崇明区,新北区,0.0
玄武区,新北区,0.0
秦淮区,新北区,0.0
建邺区,新北区,0.0
鼓楼区,新北区,0.0
浦口区,新北区,0.0
栖霞区,新北区,0.0
雨花台区,新北区,0.0
江宁区,新北区,0.0
六合区,新北区,0.0
溧水区,新北区,0.0
高淳区,新北区,0.0
锡山区,新北区,0.0
惠山区,新北区,0.0
滨湖区,新北区,0.0
梁溪区,新北区,0.0
新吴区,新北区,0.0
江阴市,新北区,0.0
宜兴市,新北区,0.0
天宁区,新北区,0.0
钟楼区,新北区,0.0
新北区,新北区,0.0
武进区,新北区,0.0
金坛区,新北区,0.0
溧阳市,新北区,0.0
虎丘区,新北区,0.0
吴中区,新北区,0.0
相城区,新北区,0.0
姑苏区,新北区,0.0
吴江区,新北区,0.0
常熟市,新北区,0.0
张家港市,新北区,0.0
昆山市,新北区,0.0
太仓市,新北区,0.0
崇川区,新北区,0.0
港闸区,新北区,0.0
通州区,新北区,0.0
如东县,新北区,0.0
启东市,新北区,0.0
如皋市,新北区,0.0
海门市,新北区,0.0
海安市,新北区,0.0
广陵区,新北区,0.0
邗江区,新北区,0.0
江都区,新北区,0.0
宝应县,新北区,0.0
仪征市,新北区,0.0
高邮市,新北区,0.0
京口区,新北区,0.0
润州区,新北区,0.0
丹徒区,新北区,0.0
丹阳市,新北区,0.0
扬中市,新北区,0.0
句容市,新北区,0.0
海陵区,新北区,0.0
高港区,新北区,0.0
姜堰区,新北区,0.0
兴化市,新北区,0.0
靖江市,新北区,0.0
泰兴市,新北区,0.0
黄浦区,武进区,0.0
徐汇区,武进区,0.0
长宁区,武进区,0.0
静安区,武进区,0.0
普陀区,武进区,0.0
虹口区,武进区,0.0
杨浦区,武进区,0.0
闵行区,武进区,0.0
宝山区,武进区,0.0
嘉定区,武进区,0.0
浦东新区,武进区,0.0
金山区,武进区,0.0
松江区,武进区,0.0
青浦区,武进区,0.0
奉贤区,武进区,0.0
崇明区,武进区,0.0
玄武区,武进区,0.0
秦淮区,武进区,0.0
建邺区,武进区,0.0
鼓楼区,武进区,0.0
浦口区,武进区,0.0
栖霞区,武进区,0.0
雨花台区,武进区,0.0
江宁区,武进区,0.0
六合区,武进区,0.0
溧水区,武进区,0.0
高淳区,武进区,0.0
锡山区,武进区,0.0
惠山区,武进区,0.0
滨湖区,武进区,0.0
梁溪区,武进区,0.0
新吴区,武进区,0.0
江阴市,武进区,0.0
宜兴市,武进区,0.0
天宁区,武进区,0.0
钟楼区,武进区,0.0
新北区,武进区,0.0
武进区,武进区,0.0
金坛区,武进区,0.0
溧阳市,武进区,0.0
虎丘区,武进区,0.0
吴中区,武进区,0.0
相城区,武进区,0.0
姑苏区,武进区,0.0
吴江区,武进区,0.0
常熟市,武进区,0.0
张家港市,武进区,0.0
昆山市,武进区,0.0
太仓市,武进区,0.0
崇川区,武进区,0.0
港闸区,武进区,0.0
通州区,武进区,0.0
如东县,武进区,0.0
启东市,武进区,0.0
如皋市,武进区,0.0
海门市,武进区,0.0
海安市,武进区,0.0
广陵区,武进区,0.0
邗江区,武进区,0.0
江都区,武进区,0.0
宝应县,武进区,0.0
仪征市,武进区,0.0
高邮市,武进区,0.0
京口区,武进区,0.0
润州区,武进区,0.0
丹徒区,武进区,0.0
丹阳市,武进区,0.0
扬中市,武进区,0.0
句容市,武进区,0.0
海陵区,武进区,0.0
高港区,武进区,0.0
姜堰区,武进区,0.0
兴化市,武进区,0.0
靖江市,武进区,0.0
泰兴市,武进区,0.0
黄浦区,金坛区,0.0
徐汇区,金坛区,0.0
长宁区,金坛区,0.0
静安区,金坛区,0.0
普陀区,金坛区,0.0
虹口区,金坛区,0.0
杨浦区,金坛区,0.0
闵行区,金坛区,0.0
宝山区,金坛区,0.0
嘉定区,金坛区,0.0
浦东新区,金坛区,0.0
金山区,金坛区,0.0
松江区,金坛区,0.0
青浦区,金坛区,0.0
奉贤区,金坛区,0.0
崇明区,金坛区,0.0
玄武区,金坛区,0.0
秦淮区,金坛区,0.0
建邺区,金坛区,0.0
鼓楼区,金坛区,0.0
浦口区,金坛区,0.0
栖霞区,金坛区,0.0
雨花台区,金坛区,0.0
江宁区,金坛区,0.0
六合区,金坛区,0.0
溧水区,金坛区,0.0
高淳区,金坛区,0.0
锡山区,金坛区,0.0
惠山区,金坛区,0.0
滨湖区,金坛区,0.0
梁溪区,金坛区,0.0
新吴区,金坛区,0.0
江阴市,金坛区,0.0
宜兴市,金坛区,0.0
天宁区,金坛区,0.0
钟楼区,金坛区,0.0
新北区,金坛区,0.0
武进区,金坛区,0.0
金坛区,金坛区,0.0
溧阳市,金坛区,0.0
虎丘区,金坛区,0.0
吴中区,金坛区,0.0
相城区,金坛区,0.0
姑苏区,金坛区,0.0
吴江区,金坛区,0.0
常熟市,金坛区,0.0
张家港市,金坛区,0.0
昆山市,金坛区,0.0
太仓市,金坛区,0.0
崇川区,金坛区,0.0
港闸区,金坛区,0.0
通州区,金坛区,0.0
如东县,金坛区,0.0
启东市,金坛区,0.0
如皋市,金坛区,0.0
海门市,金坛区,0.0
海安市,金坛区,0.0
广陵区,金坛区,0.0
邗江区,金坛区,0.0
江都区,金坛区,0.0
宝应县,金坛区,0.0
仪征市,金坛区,0.0
高邮市,金坛区,0.0
京口区,金坛区,0.0
润州区,金坛区,0.0
丹徒区,金坛区,0.0
丹阳市,金坛区,0.0
句容市,金坛区,0.0
海陵区,金坛区,0.0
高港区,金坛区,0.0
姜堰区,金坛区,0.0
兴化市,金坛区,0.0
靖江市,金坛区,0.0
泰兴市,金坛区,0.0
黄浦区,溧阳市,0.0
徐汇区,溧阳市,0.0
长宁区,溧阳市,0.0
静安区,溧阳市,0.0
普陀区,溧阳市,0.0
虹口区,溧阳市,0.0
杨浦区,溧阳市,0.0
闵行区,溧阳市,0.0
宝山区,溧阳市,0.0
嘉定区,溧阳市,0.0
浦东新区,溧阳市,0.0
金山区,溧阳市,0.0
松江区,溧阳市,0.0
青浦区,溧阳市,0.0
奉贤区,溧阳市,0.0
崇明区,溧阳市,0.0
玄武区,溧阳市,0.0
秦淮区,溧阳市,0.0
建邺区,溧阳市,0.0
鼓楼区,溧阳市,0.0
浦口区,溧阳市,0.0
栖霞区,溧阳市,0.0
雨花台区,溧阳市,0.0
江宁区,溧阳市,0.0
六合区,溧阳市,0.0
溧水区,溧阳市,0.0
高淳区,溧阳市,0.0
锡山区,溧阳市,0.0
惠山区,溧阳市,0.0
滨湖区,溧阳市,0.0
梁溪区,溧阳市,0.0
新吴区,溧阳市,0.0
江阴市,溧阳市,0.0
宜兴市,溧阳市,0.0
天宁区,溧阳市,0.0
钟楼区,溧阳市,0.0
新北区,溧阳市,0.0
武进区,溧阳市,0.0
金坛区,溧阳市,0.0
溧阳市,溧阳市,0.0
虎丘区,溧阳市,0.0
吴中区,溧阳市,0.0
相城区,溧阳市,0.0
姑苏区,溧阳市,0.0
吴江区,溧阳市,0.0
常熟市,溧阳市,0.0
张家港市,溧阳市,0.0
昆山市,溧阳市,0.0
太仓市,溧阳市,0.0
崇川区,溧阳市,0.0
港闸区,溧阳市,0.0
通州区,溧阳市,0.0
如东县,溧阳市,0.0
启东市,溧阳市,0.0
如皋市,溧阳市,0.0
海门市,溧阳市,0.0
海安市,溧阳市,0.0
广陵区,溧阳市,0.0
邗江区,溧阳市,0.0
江都区,溧阳市,0.0
宝应县,溧阳市,0.0
仪征市,溧阳市,0.0
高邮市,溧阳市,0.0
京口区,溧阳市,0.0
润州区,溧阳市,0.0
丹徒区,溧阳市,0.0
丹阳市,溧阳市,0.0
扬中市,溧阳市,0.0
句容市,溧阳市,0.0
海陵区,溧阳市,0.0
高港区,溧阳市,0.0
姜堰区,溧阳市,0.0
兴化市,溧阳市,0.0
靖江市,溧阳市,0.0
泰兴市,溧阳市,0.0
黄浦区,虎丘区,0.0
徐汇区,虎丘区,0.0
长宁区,虎丘区,0.0
静安区,虎丘区,0.0
普陀区,虎丘区,0.0
虹口区,虎丘区,0.0
杨浦区,虎丘区,0.0
闵行区,虎丘区,0.0
宝山区,虎丘区,0.0
嘉定区,虎丘区,0.0
浦东新区,虎丘区,0.0
金山区,虎丘区,0.0
松江区,虎丘区,0.0
青浦区,虎丘区,0.0
奉贤区,虎丘区,0.0
崇明区,虎丘区,0.0
玄武区,虎丘区,0.0
秦淮区,虎丘区,0.0
建邺区,虎丘区,0.0
鼓楼区,虎丘区,0.0
浦口区,虎丘区,0.0
栖霞区,虎丘区,0.0
雨花台区,虎丘区,0.0
江宁区,虎丘区,0.0
六合区,虎丘区,0.0
溧水区,虎丘区,0.0
高淳区,虎丘区,0.0
锡山区,虎丘区,0.0
惠山区,虎丘区,0.0
滨湖区,虎丘区,0.0
梁溪区,虎丘区,0.0
新吴区,虎丘区,0.0
江阴市,虎丘区,0.0
宜兴市,虎丘区,0.0
天宁区,虎丘区,0.0
钟楼区,虎丘区,0.0
新北区,虎丘区,0.0
武进区,虎丘区,0.0
金坛区,虎丘区,0.0
溧阳市,虎丘区,0.0
虎丘区,虎丘区,0.0
吴中区,虎丘区,0.0
相城区,虎丘区,0.0
姑苏区,虎丘区,0.0
吴江区,虎丘区,0.0
常熟市,虎丘区,0.0
张家港市,虎丘区,0.0
昆山市,虎丘区,0.0
太仓市,虎丘区,0.0
崇川区,虎丘区,0.0
港闸区,虎丘区,0.0
通州区,虎丘区,0.0
如东县,虎丘区,0.0
启东市,虎丘区,0.0
如皋市,虎丘区,0.0
海门市,虎丘区,0.0
海安市,虎丘区,0.0
广陵区,虎丘区,0.0
邗江区,虎丘区,0.0
江都区,虎丘区,0.0
宝应县,虎丘区,0.0
仪征市,虎丘区,0.0
高邮市,虎丘区,0.0
京口区,虎丘区,0.0
润州区,虎丘区,0.0
丹徒区,虎丘区,0.0
丹阳市,虎丘区,0.0
扬中市,虎丘区,0.0
句容市,虎丘区,0.0
海陵区,虎丘区,0.0
高港区,虎丘区,0.0
姜堰区,虎丘区,0.0
兴化市,虎丘区,0.0
靖江市,虎丘区,0.0
泰兴市,虎丘区,0.0
黄浦区,吴中区,0.0
徐汇区,吴中区,0.0
长宁区,吴中区,0.0
静安区,吴中区,0.0
普陀区,吴中区,0.0
虹口区,吴中区,0.0
杨浦区,吴中区,0.0
闵行区,吴中区,0.0
宝山区,吴中区,0.0
嘉定区,吴中区,0.0
浦东新区,吴中区,0.0
金山区,吴中区,0.0
松江区,吴中区,0.0
青浦区,吴中区,0.0
奉贤区,吴中区,0.0
崇明区,吴中区,0.0
玄武区,吴中区,0.0
秦淮区,吴中区,0.0
建邺区,吴中区,0.0
鼓楼区,吴中区,0.0
浦口区,吴中区,0.0
栖霞区,吴中区,0.0
雨花台区,吴中区,0.0
江宁区,吴中区,0.0
六合区,吴中区,0.0
溧水区,吴中区,0.0
高淳区,吴中区,0.0
锡山区,吴中区,0.0
惠山区,吴中区,0.0
滨湖区,吴中区,0.0
梁溪区,吴中区,0.0
新吴区,吴中区,0.0
江阴市,吴中区,0.0
宜兴市,吴中区,0.0
天宁区,吴中区,0.0
钟楼区,吴中区,0.0
新北区,吴中区,0.0
武进区,吴中区,0.0
金坛区,吴中区,0.0
溧阳市,吴中区,0.0
虎丘区,吴中区,0.0
吴中区,吴中区,0.0
相城区,吴中区,0.0
姑苏区,吴中区,0.0
吴江区,吴中区,0.0
常熟市,吴中区,0.0
张家港市,吴中区,0.0
昆山市,吴中区,0.0
太仓市,吴中区,0.0
崇川区,吴中区,0.0
港闸区,吴中区,0.0
通州区,吴中区,0.0
如东县,吴中区,0.0
启东市,吴中区,0.0
如皋市,吴中区,0.0
海门市,吴中区,0.0
海安市,吴中区,0.0
广陵区,吴中区,0.0
邗江区,吴中区,0.0
江都区,吴中区,0.0
宝应县,吴中区,0.0
仪征市,吴中区,0.0
高邮市,吴中区,0.0
京口区,吴中区,0.0
润州区,吴中区,0.0
丹徒区,吴中区,0.0
丹阳市,吴中区,0.0
扬中市,吴中区,0.0
句容市,吴中区,0.0
海陵区,吴中区,0.0
高港区,吴中区,0.0
姜堰区,吴中区,0.0
兴化市,吴中区,0.0
靖江市,吴中区,0.0
泰兴市,吴中区,0.0
黄浦区,相城区,0.0
徐汇区,相城区,0.0
长宁区,相城区,0.0
静安区,相城区,0.0
普陀区,相城区,0.0
虹口区,相城区,0.0
杨浦区,相城区,0.0
闵行区,相城区,0.0
宝山区,相城区,0.0
嘉定区,相城区,0.0
浦东新区,相城区,0.0
金山区,相城区,0.0
松江区,相城区,0.0
青浦区,相城区,0.0
奉贤区,相城区,0.0
崇明区,相城区,0.0
玄武区,相城区,0.0
秦淮区,相城区,0.0
建邺区,相城区,0.0
鼓楼区,相城区,0.0
浦口区,相城区,0.0
栖霞区,相城区,0.0
雨花台区,相城区,0.0
江宁区,相城区,0.0
六合区,相城区,0.0
溧水区,相城区,0.0
高淳区,相城区,0.0
锡山区,相城区,0.0
惠山区,相城区,0.0
滨湖区,相城区,0.0
梁溪区,相城区,0.0
新吴区,相城区,0.0
江阴市,相城区,0.0
宜兴市,相城区,0.0
天宁区,相城区,0.0
钟楼区,相城区,0.0
新北区,相城区,0.0
武进区,相城区,0.0
金坛区,相城区,0.0
溧阳市,相城区,0.0
虎丘区,相城区,0.0
吴中区,相城区,0.0
相城区,相城区,0.0
姑苏区,相城区,0.0
吴江区,相城区,0.0
常熟市,相城区,0.0
张家港市,相城区,0.0
昆山市,相城区,0.0
太仓市,相城区,0.0
崇川区,相城区,0.0
港闸区,相城区,0.0
通州区,相城区,0.0
如东县,相城区,0.0
启东市,相城区,0.0
如皋市,相城区,0.0
海门市,相城区,0.0
海安市,相城区,0.0
广陵区,相城区,0.0
邗江区,相城区,0.0
江都区,相城区,0.0
宝应县,相城区,0.0
仪征市,相城区,0.0
高邮市,相城区,0.0
京口区,相城区,0.0
润州区,相城区,0.0
丹徒区,相城区,0.0
丹阳市,相城区,0.0
句容市,相城区,0.0
海陵区,相城区,0.0
姜堰区,相城区,0.0
兴化市,相城区,0.0
靖江市,相城区,0.0
泰兴市,相城区,0.0
黄浦区,姑苏区,0.0
徐汇区,姑苏区,0.0
长宁区,姑苏区,0.0
静安区,姑苏区,0.0
普陀区,姑苏区,0.0
虹口区,姑苏区,0.0
杨浦区,姑苏区,0.0
闵行区,姑苏区,0.0
宝山区,姑苏区,0.0
嘉定区,姑苏区,0.0
浦东新区,姑苏区,0.0
金山区,姑苏区,0.0
松江区,姑苏区,0.0
青浦区,姑苏区,0.0
奉贤区,姑苏区,0.0
崇明区,姑苏区,0.0
玄武区,姑苏区,0.0
秦淮区,姑苏区,0.0
建邺区,姑苏区,0.0
鼓楼区,姑苏区,0.0
浦口区,姑苏区,0.0
栖霞区,姑苏区,0.0
雨花台区,姑苏区,0.0
江宁区,姑苏区,0.0
六合区,姑苏区,0.0
溧水区,姑苏区,0.0
高淳区,姑苏区,0.0
锡山区,姑苏区,0.0
惠山区,姑苏区,0.0
滨湖区,姑苏区,0.0
梁溪区,姑苏区,0.0
新吴区,姑苏区,0.0
江阴市,姑苏区,0.0
宜兴市,姑苏区,0.0
天宁区,姑苏区,0.0
钟楼区,姑苏区,0.0
新北区,姑苏区,0.0
武进区,姑苏区,0.0
金坛区,姑苏区,0.0
溧阳市,姑苏区,0.0
虎丘区,姑苏区,0.0
吴中区,姑苏区,0.0
相城区,姑苏区,0.0
姑苏区,姑苏区,0.0
吴江区,姑苏区,0.0
常熟市,姑苏区,0.0
张家港市,姑苏区,0.0
昆山市,姑苏区,0.0
太仓市,姑苏区,0.0
崇川区,姑苏区,0.0
港闸区,姑苏区,0.0
通州区,姑苏区,0.0
如东县,姑苏区,0.0
启东市,姑苏区,0.0
如皋市,姑苏区,0.0
海门市,姑苏区,0.0
海安市,姑苏区,0.0
广陵区,姑苏区,0.0
邗江区,姑苏区,0.0
江都区,姑苏区,0.0
宝应县,姑苏区,0.0
仪征市,姑苏区,0.0
高邮市,姑苏区,0.0
京口区,姑苏区,0.0
润州区,姑苏区,0.0
丹徒区,姑苏区,0.0
丹阳市,姑苏区,0.0
扬中市,姑苏区,0.0
句容市,姑苏区,0.0
海陵区,姑苏区,0.0
高港区,姑苏区,0.0
姜堰区,姑苏区,0.0
兴化市,姑苏区,0.0
靖江市,姑苏区,0.0
泰兴市,姑苏区,0.0
黄浦区,吴江区,0.0
徐汇区,吴江区,0.0
长宁区,吴江区,0.0
静安区,吴江区,0.0
普陀区,吴江区,0.0
虹口区,吴江区,0.0
杨浦区,吴江区,0.0
闵行区,吴江区,0.0
宝山区,吴江区,0.0
嘉定区,吴江区,0.0
浦东新区,吴江区,0.0
金山区,吴江区,0.0
松江区,吴江区,0.0
青浦区,吴江区,0.0
奉贤区,吴江区,0.0
崇明区,吴江区,0.0
玄武区,吴江区,0.0
秦淮区,吴江区,0.0
建邺区,吴江区,0.0
鼓楼区,吴江区,0.0
浦口区,吴江区,0.0
栖霞区,吴江区,0.0
雨花台区,吴江区,0.0
江宁区,吴江区,0.0
六合区,吴江区,0.0
溧水区,吴江区,0.0
高淳区,吴江区,0.0
锡山区,吴江区,0.0
惠山区,吴江区,0.0
滨湖区,吴江区,0.0
梁溪区,吴江区,0.0
新吴区,吴江区,0.0
江阴市,吴江区,0.0
宜兴市,吴江区,0.0
天宁区,吴江区,0.0
钟楼区,吴江区,0.0
新北区,吴江区,0.0
武进区,吴江区,0.0
金坛区,吴江区,0.0
溧阳市,吴江区,0.0
虎丘区,吴江区,0.0
吴中区,吴江区,0.0
相城区,吴江区,0.0
姑苏区,吴江区,0.0
吴江区,吴江区,0.0
常熟市,吴江区,0.0
张家港市,吴江区,0.0
昆山市,吴江区,0.0
太仓市,吴江区,0.0
崇川区,吴江区,0.0
港闸区,吴江区,0.0
通州区,吴江区,0.0
如东县,吴江区,0.0
启东市,吴江区,0.0
如皋市,吴江区,0.0
海门市,吴江区,0.0
海安市,吴江区,0.0
广陵区,吴江区,0.0
邗江区,吴江区,0.0
江都区,吴江区,0.0
宝应县,吴江区,0.0
仪征市,吴江区,0.0
高邮市,吴江区,0.0
京口区,吴江区,0.0
润州区,吴江区,0.0
丹徒区,吴江区,0.0
丹阳市,吴江区,0.0
扬中市,吴江区,0.0
句容市,吴江区,0.0
海陵区,吴江区,0.0
高港区,吴江区,0.0
姜堰区,吴江区,0.0
兴化市,吴江区,0.0
靖江市,吴江区,0.0
泰兴市,吴江区,0.0
黄浦区,常熟市,0.0
徐汇区,常熟市,0.0
长宁区,常熟市,0.0
静安区,常熟市,0.0
普陀区,常熟市,0.0
虹口区,常熟市,0.0
杨浦区,常熟市,0.0
闵行区,常熟市,0.0
宝山区,常熟市,0.0
嘉定区,常熟市,0.0
浦东新区,常熟市,0.0
金山区,常熟市,0.0
松江区,常熟市,0.0
青浦区,常熟市,0.0
奉贤区,常熟市,0.0
崇明区,常熟市,0.0
玄武区,常熟市,0.0
秦淮区,常熟市,0.0
建邺区,常熟市,0.0
鼓楼区,常熟市,0.0
浦口区,常熟市,0.0
栖霞区,常熟市,0.0
雨花台区,常熟市,0.0
江宁区,常熟市,0.0
六合区,常熟市,0.0
溧水区,常熟市,0.0
高淳区,常熟市,0.0
锡山区,常熟市,0.0
惠山区,常熟市,0.0
滨湖区,常熟市,0.0
梁溪区,常熟市,0.0
新吴区,常熟市,0.0
江阴市,常熟市,0.0
宜兴市,常熟市,0.0
天宁区,常熟市,0.0
钟楼区,常熟市,0.0
新北区,常熟市,0.0
武进区,常熟市,0.0
金坛区,常熟市,0.0
溧阳市,常熟市,0.0
虎丘区,常熟市,0.0
吴中区,常熟市,0.0
相城区,常熟市,0.0
姑苏区,常熟市,0.0
吴江区,常熟市,0.0
常熟市,常熟市,0.0
张家港市,常熟市,0.0
昆山市,常熟市,0.0
太仓市,常熟市,0.0
崇川区,常熟市,0.0
港闸区,常熟市,0.0
通州区,常熟市,0.0
如东县,常熟市,0.0
启东市,常熟市,0.0
如皋市,常熟市,0.0
海门市,常熟市,0.0
海安市,常熟市,0.0
广陵区,常熟市,0.0
邗江区,常熟市,0.0
江都区,常熟市,0.0
宝应县,常熟市,0.0
仪征市,常熟市,0.0
高邮市,常熟市,0.0
京口区,常熟市,0.0
润州区,常熟市,0.0
丹徒区,常熟市,0.0
丹阳市,常熟市,0.0
扬中市,常熟市,0.0
海陵区,常熟市,0.0
高港区,常熟市,0.0
姜堰区,常熟市,0.0
兴化市,常熟市,0.0
靖江市,常熟市,0.0
泰兴市,常熟市,0.0
黄浦区,张家港市,0.0
徐汇区,张家港市,0.0
长宁区,张家港市,0.0
静安区,张家港市,0.0
普陀区,张家港市,0.0
虹口区,张家港市,0.0
杨浦区,张家港市,0.0
闵行区,张家港市,0.0
宝山区,张家港市,0.0
嘉定区,张家港市,0.0
浦东新区,张家港市,0.0
金山区,张家港市,0.0
松江区,张家港市,0.0
青浦区,张家港市,0.0
奉贤区,张家港市,0.0
崇明区,张家港市,0.0
玄武区,张家港市,0.0
秦淮区,张家港市,0.0
建邺区,张家港市,0.0
鼓楼区,张家港市,0.0
浦口区,张家港市,0.0
栖霞区,张家港市,0.0
雨花台区,张家港市,0.0
江宁区,张家港市,0.0
六合区,张家港市,0.0
溧水区,张家港市,0.0
高淳区,张家港市,0.0
锡山区,张家港市,0.0
惠山区,张家港市,0.0
滨湖区,张家港市,0.0
梁溪区,张家港市,0.0
新吴区,张家港市,0.0
江阴市,张家港市,0.0
宜兴市,张家港市,0.0
天宁区,张家港市,0.0
钟楼区,张家港市,0.0
新北区,张家港市,0.0
武进区,张家港市,0.0
金坛区,张家港市,0.0
溧阳市,张家港市,0.0
虎丘区,张家港市,0.0
吴中区,张家港市,0.0
相城区,张家港市,0.0
姑苏区,张家港市,0.0
吴江区,张家港市,0.0
常熟市,张家港市,0.0
张家港市,张家港市,0.0
昆山市,张家港市,0.0
太仓市,张家港市,0.0
崇川区,张家港市,0.0
港闸区,张家港市,0.0
通州区,张家港市,0.0
如东县,张家港市,0.0
启东市,张家港市,0.0
如皋市,张家港市,0.0
海门市,张家港市,0.0
海安市,张家港市,0.0
广陵区,张家港市,0.0
邗江区,张家港市,0.0
江都区,张家港市,0.0
仪征市,张家港市,0.0
高邮市,张家港市,0.0
京口区,张家港市,0.0
润州区,张家港市,0.0
丹徒区,张家港市,0.0
丹阳市,张家港市,0.0
扬中市,张家港市,0.0
句容市,张家港市,0.0
海陵区,张家港市,0.0
高港区,张家港市,0.0
姜堰区,张家港市,0.0
兴化市,张家港市,0.0
靖江市,张家港市,0.0
泰兴市,张家港市,0.0
黄浦区,昆山市,0.0
徐汇区,昆山市,0.0
长宁区,昆山市,0.0
静安区,昆山市,0.0
普陀区,昆山市,0.0
虹口区,昆山市,0.0
杨浦区,昆山市,0.0
闵行区,昆山市,0.0
宝山区,昆山市,0.0
嘉定区,昆山市,0.0
浦东新区,昆山市,0.0
金山区,昆山市,0.0
松江区,昆山市,0.0
青浦区,昆山市,0.0
奉贤区,昆山市,0.0
崇明区,昆山市,0.0
玄武区,昆山市,0.0
秦淮区,昆山市,0.0
建邺区,昆山市,0.0
鼓楼区,昆山市,0.0
浦口区,昆山市,0.0
栖霞区,昆山市,0.0
雨花台区,昆山市,0.0
江宁区,昆山市,0.0
六合区,昆山市,0.0
溧水区,昆山市,0.0
高淳区,昆山市,0.0
锡山区,昆山市,0.0
惠山区,昆山市,0.0
滨湖区,昆山市,0.0
梁溪区,昆山市,0.0
新吴区,昆山市,0.0
江阴市,昆山市,0.0
宜兴市,昆山市,0.0
天宁区,昆山市,0.0
钟楼区,昆山市,0.0
新北区,昆山市,0.0
武进区,昆山市,0.0
金坛区,昆山市,0.0
溧阳市,昆山市,0.0
虎丘区,昆山市,0.0
吴中区,昆山市,0.0
相城区,昆山市,0.0
姑苏区,昆山市,0.0
吴江区,昆山市,0.0
常熟市,昆山市,0.0
张家港市,昆山市,0.0
昆山市,昆山市,0.0
太仓市,昆山市,0.0
崇川区,昆山市,0.0
港闸区,昆山市,0.0
通州区,昆山市,0.0
如东县,昆山市,0.0
启东市,昆山市,0.0
如皋市,昆山市,0.0
海门市,昆山市,0.0
海安市,昆山市,0.0
广陵区,昆山市,0.0
邗江区,昆山市,0.0
江都区,昆山市,0.0
宝应县,昆山市,0.0
仪征市,昆山市,0.0
高邮市,昆山市,0.0
京口区,昆山市,0.0
润州区,昆山市,0.0
丹徒区,昆山市,0.0
丹阳市,昆山市,0.0
扬中市,昆山市,0.0
句容市,昆山市,0.0
海陵区,昆山市,0.0
高港区,昆山市,0.0
姜堰区,昆山市,0.0
兴化市,昆山市,0.0
靖江市,昆山市,0.0
泰兴市,昆山市,0.0
黄浦区,太仓市,0.0
徐汇区,太仓市,0.0
长宁区,太仓市,0.0
静安区,太仓市,0.0
普陀区,太仓市,0.0
虹口区,太仓市,0.0
杨浦区,太仓市,0.0
闵行区,太仓市,0.0
宝山区,太仓市,0.0
嘉定区,太仓市,0.0
浦东新区,太仓市,0.0
金山区,太仓市,0.0
松江区,太仓市,0.0
青浦区,太仓市,0.0
奉贤区,太仓市,0.0
崇明区,太仓市,0.0
玄武区,太仓市,0.0
秦淮区,太仓市,0.0
建邺区,太仓市,0.0
鼓楼区,太仓市,0.0
浦口区,太仓市,0.0
栖霞区,太仓市,0.0
雨花台区,太仓市,0.0
江宁区,太仓市,0.0
六合区,太仓市,0.0
溧水区,太仓市,0.0
高淳区,太仓市,0.0
锡山区,太仓市,0.0
惠山区,太仓市,0.0
滨湖区,太仓市,0.0
梁溪区,太仓市,0.0
新吴区,太仓市,0.0
江阴市,太仓市,0.0
宜兴市,太仓市,0.0
天宁区,太仓市,0.0
钟楼区,太仓市,0.0
新北区,太仓市,0.0
武进区,太仓市,0.0
金坛区,太仓市,0.0
溧阳市,太仓市,0.0
虎丘区,太仓市,0.0
吴中区,太仓市,0.0
相城区,太仓市,0.0
姑苏区,太仓市,0.0
吴江区,太仓市,0.0
常熟市,太仓市,0.0
张家港市,太仓市,0.0
昆山市,太仓市,0.0
太仓市,太仓市,0.0
崇川区,太仓市,0.0
港闸区,太仓市,0.0
通州区,太仓市,0.0
如东县,太仓市,0.0
启东市,太仓市,0.0
如皋市,太仓市,0.0
海门市,太仓市,0.0
海安市,太仓市,0.0
广陵区,太仓市,0.0
邗江区,太仓市,0.0
江都区,太仓市,0.0
宝应县,太仓市,0.0
仪征市,太仓市,0.0
高邮市,太仓市,0.0
京口区,太仓市,0.0
润州区,太仓市,0.0
丹徒区,太仓市,0.0
丹阳市,太仓市,0.0
扬中市,太仓市,0.0
句容市,太仓市,0.0
海陵区,太仓市,0.0
高港区,太仓市,0.0
姜堰区,太仓市,0.0
兴化市,太仓市,0.0
靖江市,太仓市,0.0
泰兴市,太仓市,0.0
黄浦区,崇川区,0.0
徐汇区,崇川区,0.0
长宁区,崇川区,0.0
静安区,崇川区,0.0
普陀区,崇川区,0.0
虹口区,崇川区,0.0
杨浦区,崇川区,0.0
闵行区,崇川区,0.0
宝山区,崇川区,0.0
嘉定区,崇川区,0.0
浦东新区,崇川区,0.0
金山区,崇川区,0.0
松江区,崇川区,0.0
青浦区,崇川区,0.0
奉贤区,崇川区,0.0
崇明区,崇川区,0.0
玄武区,崇川区,0.0
秦淮区,崇川区,0.0
建邺区,崇川区,0.0
鼓楼区,崇川区,0.0
浦口区,崇川区,0.0
栖霞区,崇川区,0.0
雨花台区,崇川区,0.0
江宁区,崇川区,0.0
六合区,崇川区,0.0
溧水区,崇川区,0.0
锡山区,崇川区,0.0
惠山区,崇川区,0.0
滨湖区,崇川区,0.0
梁溪区,崇川区,0.0
新吴区,崇川区,0.0
江阴市,崇川区,0.0
宜兴市,崇川区,0.0
天宁区,崇川区,0.0
钟楼区,崇川区,0.0
新北区,崇川区,0.0
武进区,崇川区,0.0
金坛区,崇川区,0.0
溧阳市,崇川区,0.0
虎丘区,崇川区,0.0
吴中区,崇川区,0.0
相城区,崇川区,0.0
姑苏区,崇川区,0.0
吴江区,崇川区,0.0
常熟市,崇川区,0.0
张家港市,崇川区,0.0
昆山市,崇川区,0.0
太仓市,崇川区,0.0
崇川区,崇川区,0.0
港闸区,崇川区,0.0
通州区,崇川区,0.0
如东县,崇川区,0.0
启东市,崇川区,0.0
如皋市,崇川区,0.0
海门市,崇川区,0.0
海安市,崇川区,0.0
广陵区,崇川区,0.0
邗江区,崇川区,0.0
江都区,崇川区,0.0
宝应县,崇川区,0.0
仪征市,崇川区,0.0
高邮市,崇川区,0.0
京口区,崇川区,0.0
润州区,崇川区,0.0
丹徒区,崇川区,0.0
丹阳市,崇川区,0.0
扬中市,崇川区,0.0
句容市,崇川区,0.0
海陵区,崇川区,0.0
高港区,崇川区,0.0
姜堰区,崇川区,0.0
兴化市,崇川区,0.0
靖江市,崇川区,0.0
泰兴市,崇川区,0.0
黄浦区,港闸区,0.0
徐汇区,港闸区,0.0
长宁区,港闸区,0.0
静安区,港闸区,0.0
普陀区,港闸区,0.0
虹口区,港闸区,0.0
杨浦区,港闸区,0.0
闵行区,港闸区,0.0
宝山区,港闸区,0.0
嘉定区,港闸区,0.0
浦东新区,港闸区,0.0
金山区,港闸区,0.0
松江区,港闸区,0.0
青浦区,港闸区,0.0
奉贤区,港闸区,0.0
崇明区,港闸区,0.0
玄武区,港闸区,0.0
秦淮区,港闸区,0.0
建邺区,港闸区,0.0
鼓楼区,港闸区,0.0
浦口区,港闸区,0.0
栖霞区,港闸区,0.0
雨花台区,港闸区,0.0
江宁区,港闸区,0.0
六合区,港闸区,0.0
高淳区,港闸区,0.0
锡山区,港闸区,0.0
惠山区,港闸区,0.0
滨湖区,港闸区,0.0
梁溪区,港闸区,0.0
新吴区,港闸区,0.0
江阴市,港闸区,0.0
宜兴市,港闸区,0.0
天宁区,港闸区,0.0
钟楼区,港闸区,0.0
新北区,港闸区,0.0
武进区,港闸区,0.0
金坛区,港闸区,0.0
溧阳市,港闸区,0.0
虎丘区,港闸区,0.0
吴中区,港闸区,0.0
相城区,港闸区,0.0
姑苏区,港闸区,0.0
吴江区,港闸区,0.0
常熟市,港闸区,0.0
张家港市,港闸区,0.0
昆山市,港闸区,0.0
太仓市,港闸区,0.0
崇川区,港闸区,0.0
港闸区,港闸区,0.0
通州区,港闸区,0.0
如东县,港闸区,0.0
启东市,港闸区,0.0
如皋市,港闸区,0.0
海门市,港闸区,0.0
海安市,港闸区,0.0
广陵区,港闸区,0.0
邗江区,港闸区,0.0
江都区,港闸区,0.0
宝应县,港闸区,0.0
京口区,港闸区,0.0
润州区,港闸区,0.0
丹徒区,港闸区,0.0
丹阳市,港闸区,0.0
扬中市,港闸区,0.0
句容市,港闸区,0.0
海陵区,港闸区,0.0
高港区,港闸区,0.0
姜堰区,港闸区,0.0
兴化市,港闸区,0.0
靖江市,港闸区,0.0
泰兴市,港闸区,0.0
黄浦区,通州区,0.0
徐汇区,通州区,0.0
长宁区,通州区,0.0
静安区,通州区,0.0
普陀区,通州区,0.0
虹口区,通州区,0.0
杨浦区,通州区,0.0
闵行区,通州区,0.0
宝山区,通州区,0.0
嘉定区,通州区,0.0
浦东新区,通州区,0.0
金山区,通州区,0.0
松江区,通州区,0.0
青浦区,通州区,0.0
奉贤区,通州区,0.0
崇明区,通州区,0.0
玄武区,通州区,0.0
秦淮区,通州区,0.0
建邺区,通州区,0.0
鼓楼区,通州区,0.0
浦口区,通州区,0.0
栖霞区,通州区,0.0
雨花台区,通州区,0.0
江宁区,通州区,0.0
六合区,通州区,0.0
溧水区,通州区,0.0
高淳区,通州区,0.0
锡山区,通州区,0.0
惠山区,通州区,0.0
滨湖区,通州区,0.0
梁溪区,通州区,0.0
新吴区,通州区,0.0
江阴市,通州区,0.0
宜兴市,通州区,0.0
天宁区,通州区,0.0
钟楼区,通州区,0.0
新北区,通州区,0.0
武进区,通州区,0.0
金坛区,通州区,0.0
虎丘区,通州区,0.0
吴中区,通州区,0.0
相城区,通州区,0.0
姑苏区,通州区,0.0
吴江区,通州区,0.0
常熟市,通州区,0.0
张家港市,通州区,0.0
昆山市,通州区,0.0
太仓市,通州区,0.0
崇川区,通州区,0.0
港闸区,通州区,0.0
通州区,通州区,0.0
如东县,通州区,0.0
启东市,通州区,0.0
如皋市,通州区,0.0
海门市,通州区,0.0
海安市,通州区,0.0
邗江区,通州区,0.0
江都区,通州区,0.0
宝应县,通州区,0.0
仪征市,通州区,0.0
高邮市,通州区,0.0
京口区,通州区,0.0
润州区,通州区,0.0
丹徒区,通州区,0.0
丹阳市,通州区,0.0
扬中市,通州区,0.0
句容市,通州区,0.0
海陵区,通州区,0.0
高港区,通州区,0.0
姜堰区,通州区,0.0
兴化市,通州区,0.0
靖江市,通州区,0.0
泰兴市,通州区,0.0
黄浦区,如东县,0.0
徐汇区,如东县,0.0
长宁区,如东县,0.0
静安区,如东县,0.0
普陀区,如东县,0.0
虹口区,如东县,0.0
杨浦区,如东县,0.0
闵行区,如东县,0.0
宝山区,如东县,0.0
嘉定区,如东县,0.0
浦东新区,如东县,0.0
金山区,如东县,0.0
松江区,如东县,0.0
青浦区,如东县,0.0
奉贤区,如东县,0.0
崇明区,如东县,0.0
玄武区,如东县,0.0
秦淮区,如东县,0.0
建邺区,如东县,0.0
鼓楼区,如东县,0.0
浦口区,如东县,0.0
栖霞区,如东县,0.0
雨花台区,如东县,0.0
江宁区,如东县,0.0
六合区,如东县,0.0
溧水区,如东县,0.0
锡山区,如东县,0.0
惠山区,如东县,0.0
滨湖区,如东县,0.0
梁溪区,如东县,0.0
新吴区,如东县,0.0
江阴市,如东县,0.0
宜兴市,如东县,0.0
天宁区,如东县,0.0
钟楼区,如东县,0.0
新北区,如东县,0.0
武进区,如东县,0.0
金坛区,如东县,0.0
溧阳市,如东县,0.0
虎丘区,如东县,0.0
吴中区,如东县,0.0
相城区,如东县,0.0
姑苏区,如东县,0.0
吴江区,如东县,0.0
常熟市,如东县,0.0
张家港市,如东县,0.0
昆山市,如东县,0.0
太仓市,如东县,0.0
崇川区,如东县,0.0
港闸区,如东县,0.0
通州区,如东县,0.0
如东县,如东县,0.0
启东市,如东县,0.0
如皋市,如东县,0.0
海门市,如东县,0.0
海安市,如东县,0.0
广陵区,如东县,0.0
邗江区,如东县,0.0
江都区,如东县,0.0
宝应县,如东县,0.0
仪征市,如东县,0.0
高邮市,如东县,0.0
京口区,如东县,0.0
丹徒区,如东县,0.0
丹阳市,如东县,0.0
扬中市,如东县,0.0
句容市,如东县,0.0
海陵区,如东县,0.0
高港区,如东县,0.0
姜堰区,如东县,0.0
兴化市,如东县,0.0
靖江市,如东县,0.0
泰兴市,如东县,0.0
黄浦区,启东市,0.0
徐汇区,启东市,0.0
长宁区,启东市,0.0
静安区,启东市,0.0
普陀区,启东市,0.0
虹口区,启东市,0.0
杨浦区,启东市,0.0
闵行区,启东市,0.0
宝山区,启东市,0.0
嘉定区,启东市,0.0
浦东新区,启东市,0.0
金山区,启东市,0.0
松江区,启东市,0.0
青浦区,启东市,0.0
奉贤区,启东市,0.0
崇明区,启东市,0.0
玄武区,启东市,0.0
秦淮区,启东市,0.0
建邺区,启东市,0.0
鼓楼区,启东市,0.0
浦口区,启东市,0.0
栖霞区,启东市,0.0
雨花台区,启东市,0.0
江宁区,启东市,0.0
六合区,启东市,0.0
溧水区,启东市,0.0
高淳区,启东市,0.0
锡山区,启东市,0.0
惠山区,启东市,0.0
滨湖区,启东市,0.0
梁溪区,启东市,0.0
新吴区,启东市,0.0
江阴市,启东市,0.0
宜兴市,启东市,0.0
天宁区,启东市,0.0
钟楼区,启东市,0.0
新北区,启东市,0.0
武进区,启东市,0.0
金坛区,启东市,0.0
溧阳市,启东市,0.0
虎丘区,启东市,0.0
吴中区,启东市,0.0
相城区,启东市,0.0
姑苏区,启东市,0.0
吴江区,启东市,0.0
常熟市,启东市,0.0
张家港市,启东市,0.0
昆山市,启东市,0.0
太仓市,启东市,0.0
崇川区,启东市,0.0
港闸区,启东市,0.0
通州区,启东市,0.0
如东县,启东市,0.0
启东市,启东市,0.0
如皋市,启东市,0.0
海门市,启东市,0.0
海安市,启东市,0.0
广陵区,启东市,0.0
邗江区,启东市,0.0
江都区,启东市,0.0
仪征市,启东市,0.0
高邮市,启东市,0.0
京口区,启东市,0.0
润州区,启东市,0.0
丹徒区,启东市,0.0
丹阳市,启东市,0.0
句容市,启东市,0.0
海陵区,启东市,0.0
高港区,启东市,0.0
姜堰区,启东市,0.0
兴化市,启东市,0.0
靖江市,启东市,0.0
泰兴市,启东市,0.0
黄浦区,如皋市,0.0
徐汇区,如皋市,0.0
长宁区,如皋市,0.0
静安区,如皋市,0.0
普陀区,如皋市,0.0
虹口区,如皋市,0.0
杨浦区,如皋市,0.0
闵行区,如皋市,0.0
宝山区,如皋市,0.0
嘉定区,如皋市,0.0
浦东新区,如皋市,0.0
金山区,如皋市,0.0
松江区,如皋市,0.0
青浦区,如皋市,0.0
奉贤区,如皋市,0.0
崇明区,如皋市,0.0
玄武区,如皋市,0.0
秦淮区,如皋市,0.0
建邺区,如皋市,0.0
鼓楼区,如皋市,0.0
浦口区,如皋市,0.0
栖霞区,如皋市,0.0
雨花台区,如皋市,0.0
江宁区,如皋市,0.0
六合区,如皋市,0.0
溧水区,如皋市,0.0
高淳区,如皋市,0.0
锡山区,如皋市,0.0
惠山区,如皋市,0.0
滨湖区,如皋市,0.0
梁溪区,如皋市,0.0
新吴区,如皋市,0.0
江阴市,如皋市,0.0
宜兴市,如皋市,0.0
天宁区,如皋市,0.0
钟楼区,如皋市,0.0
新北区,如皋市,0.0
武进区,如皋市,0.0
金坛区,如皋市,0.0
溧阳市,如皋市,0.0
虎丘区,如皋市,0.0
吴中区,如皋市,0.0
相城区,如皋市,0.0
姑苏区,如皋市,0.0
吴江区,如皋市,0.0
常熟市,如皋市,0.0
张家港市,如皋市,0.0
昆山市,如皋市,0.0
太仓市,如皋市,0.0
崇川区,如皋市,0.0
港闸区,如皋市,0.0
通州区,如皋市,0.0
如东县,如皋市,0.0
启东市,如皋市,0.0
如皋市,如皋市,0.0
海门市,如皋市,0.0
海安市,如皋市,0.0
广陵区,如皋市,0.0
邗江区,如皋市,0.0
江都区,如皋市,0.0
宝应县,如皋市,0.0
仪征市,如皋市,0.0
高邮市,如皋市,0.0
京口区,如皋市,0.0
润州区,如皋市,0.0
丹徒区,如皋市,0.0
丹阳市,如皋市,0.0
扬中市,如皋市,0.0
句容市,如皋市,0.0
海陵区,如皋市,0.0
高港区,如皋市,0.0
姜堰区,如皋市,0.0
兴化市,如皋市,0.0
靖江市,如皋市,0.0
泰兴市,如皋市,0.0
黄浦区,海门市,0.0
徐汇区,海门市,0.0
长宁区,海门市,0.0
静安区,海门市,0.0
普陀区,海门市,0.0
虹口区,海门市,0.0
杨浦区,海门市,0.0
闵行区,海门市,0.0
宝山区,海门市,0.0
嘉定区,海门市,0.0
浦东新区,海门市,0.0
金山区,海门市,0.0
松江区,海门市,0.0
青浦区,海门市,0.0
奉贤区,海门市,0.0
崇明区,海门市,0.0
玄武区,海门市,0.0
秦淮区,海门市,0.0
建邺区,海门市,0.0
鼓楼区,海门市,0.0
浦口区,海门市,0.0
栖霞区,海门市,0.0
雨花台区,海门市,0.0
江宁区,海门市,0.0
六合区,海门市,0.0
高淳区,海门市,0.0
锡山区,海门市,0.0
惠山区,海门市,0.0
滨湖区,海门市,0.0
梁溪区,海门市,0.0
新吴区,海门市,0.0
江阴市,海门市,0.0
宜兴市,海门市,0.0
天宁区,海门市,0.0
钟楼区,海门市,0.0
新北区,海门市,0.0
武进区,海门市,0.0
金坛区,海门市,0.0
虎丘区,海门市,0.0
吴中区,海门市,0.0
相城区,海门市,0.0
姑苏区,海门市,0.0
吴江区,海门市,0.0
常熟市,海门市,0.0
张家港市,海门市,0.0
昆山市,海门市,0.0
太仓市,海门市,0.0
崇川区,海门市,0.0
港闸区,海门市,0.0
通州区,海门市,0.0
如东县,海门市,0.0
启东市,海门市,0.0
如皋市,海门市,0.0
海门市,海门市,0.0
海安市,海门市,0.0
广陵区,海门市,0.0
邗江区,海门市,0.0
江都区,海门市,0.0
宝应县,海门市,0.0
高邮市,海门市,0.0
京口区,海门市,0.0
润州区,海门市,0.0
丹徒区,海门市,0.0
丹阳市,海门市,0.0
扬中市,海门市,0.0
句容市,海门市,0.0
海陵区,海门市,0.0
高港区,海门市,0.0
姜堰区,海门市,0.0
兴化市,海门市,0.0
靖江市,海门市,0.0
泰兴市,海门市,0.0
黄浦区,海安市,0.0
徐汇区,海安市,0.0
长宁区,海安市,0.0
静安区,海安市,0.0
普陀区,海安市,0.0
虹口区,海安市,0.0
杨浦区,海安市,0.0
闵行区,海安市,0.0
宝山区,海安市,0.0
嘉定区,海安市,0.0
浦东新区,海安市,0.0
金山区,海安市,0.0
松江区,海安市,0.0
青浦区,海安市,0.0
奉贤区,海安市,0.0
崇明区,海安市,0.0
玄武区,海安市,0.0
秦淮区,海安市,0.0
建邺区,海安市,0.0
鼓楼区,海安市,0.0
浦口区,海安市,0.0
栖霞区,海安市,0.0
雨花台区,海安市,0.0
江宁区,海安市,0.0
六合区,海安市,0.0
高淳区,海安市,0.0
锡山区,海安市,0.0
惠山区,海安市,0.0
滨湖区,海安市,0.0
梁溪区,海安市,0.0
新吴区,海安市,0.0
江阴市,海安市,0.0
宜兴市,海安市,0.0
天宁区,海安市,0.0
钟楼区,海安市,0.0
新北区,海安市,0.0
武进区,海安市,0.0
金坛区,海安市,0.0
溧阳市,海安市,0.0
虎丘区,海安市,0.0
吴中区,海安市,0.0
相城区,海安市,0.0
姑苏区,海安市,0.0
吴江区,海安市,0.0
常熟市,海安市,0.0
张家港市,海安市,0.0
昆山市,海安市,0.0
太仓市,海安市,0.0
崇川区,海安市,0.0
港闸区,海安市,0.0
通州区,海安市,0.0
如东县,海安市,0.0
启东市,海安市,0.0
如皋市,海安市,0.0
海门市,海安市,0.0
海安市,海安市,0.0
广陵区,海安市,0.0
邗江区,海安市,0.0
江都区,海安市,0.0
仪征市,海安市,0.0
高邮市,海安市,0.0
京口区,海安市,0.0
丹徒区,海安市,0.0
丹阳市,海安市,0.0
句容市,海安市,0.0
海陵区,海安市,0.0
高港区,海安市,0.0
姜堰区,海安市,0.0
兴化市,海安市,0.0
靖江市,海安市,0.0
泰兴市,海安市,0.0
黄浦区,广陵区,0.0
徐汇区,广陵区,0.0
长宁区,广陵区,0.0
静安区,广陵区,0.0
普陀区,广陵区,0.0
虹口区,广陵区,0.0
杨浦区,广陵区,0.0
闵行区,广陵区,0.0
宝山区,广陵区,0.0
嘉定区,广陵区,0.0
浦东新区,广陵区,0.0
金山区,广陵区,0.0
松江区,广陵区,0.0
青浦区,广陵区,0.0
奉贤区,广陵区,0.0
崇明区,广陵区,0.0
玄武区,广陵区,0.0
秦淮区,广陵区,0.0
建邺区,广陵区,0.0
鼓楼区,广陵区,0.0
浦口区,广陵区,0.0
栖霞区,广陵区,0.0
雨花台区,广陵区,0.0
江宁区,广陵区,0.0
六合区,广陵区,0.0
溧水区,广陵区,0.0
高淳区,广陵区,0.0
锡山区,广陵区,0.0
惠山区,广陵区,0.0
滨湖区,广陵区,0.0
梁溪区,广陵区,0.0
新吴区,广陵区,0.0
江阴市,广陵区,0.0
宜兴市,广陵区,0.0
天宁区,广陵区,0.0
钟楼区,广陵区,0.0
新北区,广陵区,0.0
武进区,广陵区,0.0
金坛区,广陵区,0.0
溧阳市,广陵区,0.0
虎丘区,广陵区,0.0
吴中区,广陵区,0.0
相城区,广陵区,0.0
姑苏区,广陵区,0.0
吴江区,广陵区,0.0
常熟市,广陵区,0.0
张家港市,广陵区,0.0
昆山市,广陵区,0.0
太仓市,广陵区,0.0
崇川区,广陵区,0.0
港闸区,广陵区,0.0
通州区,广陵区,0.0
如东县,广陵区,0.0
启东市,广陵区,0.0
如皋市,广陵区,0.0
海门市,广陵区,0.0
海安市,广陵区,0.0
广陵区,广陵区,0.0
邗江区,广陵区,0.0
江都区,广陵区,0.0
宝应县,广陵区,0.0
仪征市,广陵区,0.0
高邮市,广陵区,0.0
京口区,广陵区,0.0
润州区,广陵区,0.0
丹徒区,广陵区,0.0
丹阳市,广陵区,0.0
扬中市,广陵区,0.0
句容市,广陵区,0.0
海陵区,广陵区,0.0
高港区,广陵区,0.0
姜堰区,广陵区,0.0
兴化市,广陵区,0.0
靖江市,广陵区,0.0
泰兴市,广陵区,0.0
黄浦区,邗江区,0.0
徐汇区,邗江区,0.0
长宁区,邗江区,0.0
静安区,邗江区,0.0
普陀区,邗江区,0.0
虹口区,邗江区,0.0
杨浦区,邗江区,0.0
闵行区,邗江区,0.0
宝山区,邗江区,0.0
嘉定区,邗江区,0.0
浦东新区,邗江区,0.0
金山区,邗江区,0.0
松江区,邗江区,0.0
青浦区,邗江区,0.0
奉贤区,邗江区,0.0
崇明区,邗江区,0.0
玄武区,邗江区,0.0
秦淮区,邗江区,0.0
建邺区,邗江区,0.0
鼓楼区,邗江区,0.0
浦口区,邗江区,0.0
栖霞区,邗江区,0.0
雨花台区,邗江区,0.0
江宁区,邗江区,0.0
六合区,邗江区,0.0
溧水区,邗江区,0.0
高淳区,邗江区,0.0
锡山区,邗江区,0.0
惠山区,邗江区,0.0
滨湖区,邗江区,0.0
梁溪区,邗江区,0.0
新吴区,邗江区,0.0
江阴市,邗江区,0.0
宜兴市,邗江区,0.0
天宁区,邗江区,0.0
钟楼区,邗江区,0.0
新北区,邗江区,0.0
武进区,邗江区,0.0
金坛区,邗江区,0.0
溧阳市,邗江区,0.0
虎丘区,邗江区,0.0
吴中区,邗江区,0.0
相城区,邗江区,0.0
姑苏区,邗江区,0.0
吴江区,邗江区,0.0
常熟市,邗江区,0.0
张家港市,邗江区,0.0
昆山市,邗江区,0.0
太仓市,邗江区,0.0
崇川区,邗江区,0.0
港闸区,邗江区,0.0
通州区,邗江区,0.0
如东县,邗江区,0.0
启东市,邗江区,0.0
如皋市,邗江区,0.0
海门市,邗江区,0.0
海安市,邗江区,0.0
广陵区,邗江区,0.0
邗江区,邗江区,0.0
江都区,邗江区,0.0
宝应县,邗江区,0.0
仪征市,邗江区,0.0
高邮市,邗江区,0.0
京口区,邗江区,0.0
润州区,邗江区,0.0
丹徒区,邗江区,0.0
丹阳市,邗江区,0.0
扬中市,邗江区,0.0
句容市,邗江区,0.0
海陵区,邗江区,0.0
高港区,邗江区,0.0
姜堰区,邗江区,0.0
兴化市,邗江区,0.0
靖江市,邗江区,0.0
泰兴市,邗江区,0.0
徐汇区,江都区,0.0
长宁区,江都区,0.0
静安区,江都区,0.0
普陀区,江都区,0.0
虹口区,江都区,0.0
杨浦区,江都区,0.0
闵行区,江都区,0.0
宝山区,江都区,0.0
嘉定区,江都区,0.0
浦东新区,江都区,0.0
金山区,江都区,0.0
松江区,江都区,0.0
青浦区,江都区,0.0
奉贤区,江都区,0.0
崇明区,江都区,0.0
玄武区,江都区,0.0
秦淮区,江都区,0.0
建邺区,江都区,0.0
鼓楼区,江都区,0.0
浦口区,江都区,0.0
栖霞区,江都区,0.0
雨花台区,江都区,0.0
江宁区,江都区,0.0
六合区,江都区,0.0
溧水区,江都区,0.0
高淳区,江都区,0.0
锡山区,江都区,0.0
惠山区,江都区,0.0
滨湖区,江都区,0.0
梁溪区,江都区,0.0
新吴区,江都区,0.0
江阴市,江都区,0.0
宜兴市,江都区,0.0
天宁区,江都区,0.0
钟楼区,江都区,0.0
新北区,江都区,0.0
武进区,江都区,0.0
溧阳市,江都区,0.0
虎丘区,江都区,0.0
吴中区,江都区,0.0
相城区,江都区,0.0
姑苏区,江都区,0.0
吴江区,江都区,0.0
常熟市,江都区,0.0
张家港市,江都区,0.0
昆山市,江都区,0.0
太仓市,江都区,0.0
崇川区,江都区,0.0
港闸区,江都区,0.0
通州区,江都区,0.0
如东县,江都区,0.0
启东市,江都区,0.0
如皋市,江都区,0.0
海安市,江都区,0.0
广陵区,江都区,0.0
邗江区,江都区,0.0
江都区,江都区,0.0
宝应县,江都区,0.0
仪征市,江都区,0.0
高邮市,江都区,0.0
京口区,江都区,0.0
润州区,江都区,0.0
丹徒区,江都区,0.0
丹阳市,江都区,0.0
扬中市,江都区,0.0
句容市,江都区,0.0
海陵区,江都区,0.0
高港区,江都区,0.0
姜堰区,江都区,0.0
兴化市,江都区,0.0
靖江市,江都区,0.0
泰兴市,江都区,0.0
黄浦区,宝应县,0.0
徐汇区,宝应县,0.0
长宁区,宝应县,0.0
静安区,宝应县,0.0
普陀区,宝应县,0.0
虹口区,宝应县,0.0
杨浦区,宝应县,0.0
闵行区,宝应县,0.0
宝山区,宝应县,0.0
嘉定区,宝应县,0.0
浦东新区,宝应县,0.0
松江区,宝应县,0.0
青浦区,宝应县,0.0
奉贤区,宝应县,0.0
崇明区,宝应县,0.0
玄武区,宝应县,0.0
秦淮区,宝应县,0.0
建邺区,宝应县,0.0
鼓楼区,宝应县,0.0
浦口区,宝应县,0.0
栖霞区,宝应县,0.0
雨花台区,宝应县,0.0
江宁区,宝应县,0.0
六合区,宝应县,0.0
高淳区,宝应县,0.0
锡山区,宝应县,0.0
惠山区,宝应县,0.0
滨湖区,宝应县,0.0
梁溪区,宝应县,0.0
新吴区,宝应县,0.0
江阴市,宝应县,0.0
宜兴市,宝应县,0.0
天宁区,宝应县,0.0
钟楼区,宝应县,0.0
新北区,宝应县,0.0
武进区,宝应县,0.0
金坛区,宝应县,0.0
溧阳市,宝应县,0.0
虎丘区,宝应县,0.0
吴中区,宝应县,0.0
相城区,宝应县,0.0
姑苏区,宝应县,0.0
吴江区,宝应县,0.0
常熟市,宝应县,0.0
张家港市,宝应县,0.0
昆山市,宝应县,0.0
太仓市,宝应县,0.0
崇川区,宝应县,0.0
通州区,宝应县,0.0
启东市,宝应县,0.0
如皋市,宝应县,0.0
海门市,宝应县,0.0
海安市,宝应县,0.0
广陵区,宝应县,0.0
邗江区,宝应县,0.0
江都区,宝应县,0.0
宝应县,宝应县,0.0
仪征市,宝应县,0.0
高邮市,宝应县,0.0
京口区,宝应县,0.0
润州区,宝应县,0.0
丹徒区,宝应县,0.0
丹阳市,宝应县,0.0
扬中市,宝应县,0.0
句容市,宝应县,0.0
海陵区,宝应县,0.0
高港区,宝应县,0.0
姜堰区,宝应县,0.0
兴化市,宝应县,0.0
靖江市,宝应县,0.0
泰兴市,宝应县,0.0
黄浦区,仪征市,0.0
徐汇区,仪征市,0.0
长宁区,仪征市,0.0
静安区,仪征市,0.0
普陀区,仪征市,0.0
虹口区,仪征市,0.0
杨浦区,仪征市,0.0
闵行区,仪征市,0.0
宝山区,仪征市,0.0
嘉定区,仪征市,0.0
浦东新区,仪征市,0.0
金山区,仪征市,0.0
松江区,仪征市,0.0
青浦区,仪征市,0.0
奉贤区,仪征市,0.0
崇明区,仪征市,0.0
玄武区,仪征市,0.0
秦淮区,仪征市,0.0
建邺区,仪征市,0.0
鼓楼区,仪征市,0.0
浦口区,仪征市,0.0
栖霞区,仪征市,0.0
雨花台区,仪征市,0.0
江宁区,仪征市,0.0
六合区,仪征市,0.0
溧水区,仪征市,0.0
锡山区,仪征市,0.0
惠山区,仪征市,0.0
滨湖区,仪征市,0.0
梁溪区,仪征市,0.0
新吴区,仪征市,0.0
江阴市,仪征市,0.0
宜兴市,仪征市,0.0
天宁区,仪征市,0.0
钟楼区,仪征市,0.0
新北区,仪征市,0.0
武进区,仪征市,0.0
金坛区,仪征市,0.0
溧阳市,仪征市,0.0
虎丘区,仪征市,0.0
吴中区,仪征市,0.0
姑苏区,仪征市,0.0
吴江区,仪征市,0.0
常熟市,仪征市,0.0
张家港市,仪征市,0.0
昆山市,仪征市,0.0
太仓市,仪征市,0.0
崇川区,仪征市,0.0
港闸区,仪征市,0.0
通州区,仪征市,0.0
如东县,仪征市,0.0
启东市,仪征市,0.0
如皋市,仪征市,0.0
海门市,仪征市,0.0
海安市,仪征市,0.0
广陵区,仪征市,0.0
邗江区,仪征市,0.0
江都区,仪征市,0.0
宝应县,仪征市,0.0
仪征市,仪征市,0.0
高邮市,仪征市,0.0
京口区,仪征市,0.0
润州区,仪征市,0.0
丹徒区,仪征市,0.0
丹阳市,仪征市,0.0
扬中市,仪征市,0.0
句容市,仪征市,0.0
海陵区,仪征市,0.0
高港区,仪征市,0.0
姜堰区,仪征市,0.0
兴化市,仪征市,0.0
靖江市,仪征市,0.0
泰兴市,仪征市,0.0
黄浦区,高邮市,0.0
徐汇区,高邮市,0.0
长宁区,高邮市,0.0
静安区,高邮市,0.0
普陀区,高邮市,0.0
虹口区,高邮市,0.0
杨浦区,高邮市,0.0
闵行区,高邮市,0.0
宝山区,高邮市,0.0
嘉定区,高邮市,0.0
浦东新区,高邮市,0.0
松江区,高邮市,0.0
青浦区,高邮市,0.0
奉贤区,高邮市,0.0
崇明区,高邮市,0.0
玄武区,高邮市,0.0
秦淮区,高邮市,0.0
建邺区,高邮市,0.0
鼓楼区,高邮市,0.0
浦口区,高邮市,0.0
栖霞区,高邮市,0.0
雨花台区,高邮市,0.0
江宁区,高邮市,0.0
六合区,高邮市,0.0
溧水区,高邮市,0.0
高淳区,高邮市,0.0
锡山区,高邮市,0.0
惠山区,高邮市,0.0
滨湖区,高邮市,0.0
梁溪区,高邮市,0.0
新吴区,高邮市,0.0
江阴市,高邮市,0.0
宜兴市,高邮市,0.0
天宁区,高邮市,0.0
钟楼区,高邮市,0.0
新北区,高邮市,0.0
武进区,高邮市,0.0
金坛区,高邮市,0.0
溧阳市,高邮市,0.0
虎丘区,高邮市,0.0
吴中区,高邮市,0.0
相城区,高邮市,0.0
姑苏区,高邮市,0.0
吴江区,高邮市,0.0
常熟市,高邮市,0.0
张家港市,高邮市,0.0
昆山市,高邮市,0.0
太仓市,高邮市,0.0
崇川区,高邮市,0.0
通州区,高邮市,0.0
如东县,高邮市,0.0
启东市,高邮市,0.0
如皋市,高邮市,0.0
海门市,高邮市,0.0
海安市,高邮市,0.0
广陵区,高邮市,0.0
邗江区,高邮市,0.0
江都区,高邮市,0.0
宝应县,高邮市,0.0
仪征市,高邮市,0.0
高邮市,高邮市,0.0
京口区,高邮市,0.0
润州区,高邮市,0.0
丹徒区,高邮市,0.0
丹阳市,高邮市,0.0
扬中市,高邮市,0.0
句容市,高邮市,0.0
海陵区,高邮市,0.0
高港区,高邮市,0.0
姜堰区,高邮市,0.0
兴化市,高邮市,0.0
靖江市,高邮市,0.0
泰兴市,高邮市,0.0
黄浦区,京口区,0.0
徐汇区,京口区,0.0
长宁区,京口区,0.0
静安区,京口区,0.0
普陀区,京口区,0.0
虹口区,京口区,0.0
杨浦区,京口区,0.0
闵行区,京口区,0.0
宝山区,京口区,0.0
嘉定区,京口区,0.0
浦东新区,京口区,0.0
金山区,京口区,0.0
松江区,京口区,0.0
青浦区,京口区,0.0
奉贤区,京口区,0.0
崇明区,京口区,0.0
玄武区,京口区,0.0
秦淮区,京口区,0.0
建邺区,京口区,0.0
鼓楼区,京口区,0.0
浦口区,京口区,0.0
栖霞区,京口区,0.0
雨花台区,京口区,0.0
江宁区,京口区,0.0
六合区,京口区,0.0
溧水区,京口区,0.0
高淳区,京口区,0.0
锡山区,京口区,0.0
惠山区,京口区,0.0
滨湖区,京口区,0.0
梁溪区,京口区,0.0
新吴区,京口区,0.0
江阴市,京口区,0.0
宜兴市,京口区,0.0
天宁区,京口区,0.0
钟楼区,京口区,0.0
新北区,京口区,0.0
武进区,京口区,0.0
金坛区,京口区,0.0
溧阳市,京口区,0.0
虎丘区,京口区,0.0
吴中区,京口区,0.0
相城区,京口区,0.0
姑苏区,京口区,0.0
吴江区,京口区,0.0
常熟市,京口区,0.0
张家港市,京口区,0.0
昆山市,京口区,0.0
太仓市,京口区,0.0
崇川区,京口区,0.0
港闸区,京口区,0.0
通州区,京口区,0.0
如东县,京口区,0.0
启东市,京口区,0.0
如皋市,京口区,0.0
海门市,京口区,0.0
海安市,京口区,0.0
广陵区,京口区,0.0
邗江区,京口区,0.0
江都区,京口区,0.0
宝应县,京口区,0.0
仪征市,京口区,0.0
高邮市,京口区,0.0
京口区,京口区,0.0
润州区,京口区,0.0
丹徒区,京口区,0.0
丹阳市,京口区,0.0
扬中市,京口区,0.0
句容市,京口区,0.0
海陵区,京口区,0.0
高港区,京口区,0.0
姜堰区,京口区,0.0
兴化市,京口区,0.0
靖江市,京口区,0.0
泰兴市,京口区,0.0
黄浦区,润州区,0.0
徐汇区,润州区,0.0
长宁区,润州区,0.0
静安区,润州区,0.0
普陀区,润州区,0.0
虹口区,润州区,0.0
杨浦区,润州区,0.0
闵行区,润州区,0.0
宝山区,润州区,0.0
嘉定区,润州区,0.0
浦东新区,润州区,0.0
金山区,润州区,0.0
松江区,润州区,0.0
青浦区,润州区,0.0
奉贤区,润州区,0.0
崇明区,润州区,0.0
玄武区,润州区,0.0
秦淮区,润州区,0.0
建邺区,润州区,0.0
鼓楼区,润州区,0.0
浦口区,润州区,0.0
栖霞区,润州区,0.0
雨花台区,润州区,0.0
江宁区,润州区,0.0
六合区,润州区,0.0
溧水区,润州区,0.0
高淳区,润州区,0.0
锡山区,润州区,0.0
惠山区,润州区,0.0
滨湖区,润州区,0.0
梁溪区,润州区,0.0
新吴区,润州区,0.0
江阴市,润州区,0.0
宜兴市,润州区,0.0
天宁区,润州区,0.0
钟楼区,润州区,0.0
新北区,润州区,0.0
武进区,润州区,0.0
金坛区,润州区,0.0
溧阳市,润州区,0.0
虎丘区,润州区,0.0
吴中区,润州区,0.0
相城区,润州区,0.0
姑苏区,润州区,0.0
吴江区,润州区,0.0
常熟市,润州区,0.0
张家港市,润州区,0.0
昆山市,润州区,0.0
太仓市,润州区,0.0
崇川区,润州区,0.0
港闸区,润州区,0.0
通州区,润州区,0.0
如东县,润州区,0.0
启东市,润州区,0.0
如皋市,润州区,0.0
海门市,润州区,0.0
海安市,润州区,0.0
广陵区,润州区,0.0
邗江区,润州区,0.0
江都区,润州区,0.0
宝应县,润州区,0.0
仪征市,润州区,0.0
高邮市,润州区,0.0
京口区,润州区,0.0
润州区,润州区,0.0
丹徒区,润州区,0.0
丹阳市,润州区,0.0
扬中市,润州区,0.0
句容市,润州区,0.0
海陵区,润州区,0.0
高港区,润州区,0.0
姜堰区,润州区,0.0
兴化市,润州区,0.0
靖江市,润州区,0.0
泰兴市,润州区,0.0
黄浦区,丹徒区,0.0
徐汇区,丹徒区,0.0
长宁区,丹徒区,0.0
静安区,丹徒区,0.0
普陀区,丹徒区,0.0
虹口区,丹徒区,0.0
杨浦区,丹徒区,0.0
闵行区,丹徒区,0.0
宝山区,丹徒区,0.0
嘉定区,丹徒区,0.0
浦东新区,丹徒区,0.0
金山区,丹徒区,0.0
松江区,丹徒区,0.0
青浦区,丹徒区,0.0
奉贤区,丹徒区,0.0
崇明区,丹徒区,0.0
玄武区,丹徒区,0.0
秦淮区,丹徒区,0.0
建邺区,丹徒区,0.0
鼓楼区,丹徒区,0.0
浦口区,丹徒区,0.0
栖霞区,丹徒区,0.0
雨花台区,丹徒区,0.0
江宁区,丹徒区,0.0
六合区,丹徒区,0.0
溧水区,丹徒区,0.0
高淳区,丹徒区,0.0
锡山区,丹徒区,0.0
惠山区,丹徒区,0.0
滨湖区,丹徒区,0.0
梁溪区,丹徒区,0.0
新吴区,丹徒区,0.0
江阴市,丹徒区,0.0
宜兴市,丹徒区,0.0
天宁区,丹徒区,0.0
钟楼区,丹徒区,0.0
新北区,丹徒区,0.0
武进区,丹徒区,0.0
金坛区,丹徒区,0.0
溧阳市,丹徒区,0.0
虎丘区,丹徒区,0.0
吴中区,丹徒区,0.0
相城区,丹徒区,0.0
姑苏区,丹徒区,0.0
吴江区,丹徒区,0.0
常熟市,丹徒区,0.0
张家港市,丹徒区,0.0
昆山市,丹徒区,0.0
太仓市,丹徒区,0.0
崇川区,丹徒区,0.0
港闸区,丹徒区,0.0
通州区,丹徒区,0.0
如东县,丹徒区,0.0
启东市,丹徒区,0.0
如皋市,丹徒区,0.0
海门市,丹徒区,0.0
海安市,丹徒区,0.0
广陵区,丹徒区,0.0
邗江区,丹徒区,0.0
江都区,丹徒区,0.0
宝应县,丹徒区,0.0
仪征市,丹徒区,0.0
高邮市,丹徒区,0.0
京口区,丹徒区,0.0
润州区,丹徒区,0.0
丹徒区,丹徒区,0.0
丹阳市,丹徒区,0.0
扬中市,丹徒区,0.0
句容市,丹徒区,0.0
海陵区,丹徒区,0.0
高港区,丹徒区,0.0
姜堰区,丹徒区,0.0
兴化市,丹徒区,0.0
靖江市,丹徒区,0.0
泰兴市,丹徒区,0.0
黄浦区,丹阳市,0.0
徐汇区,丹阳市,0.0
长宁区,丹阳市,0.0
静安区,丹阳市,0.0
普陀区,丹阳市,0.0
杨浦区,丹阳市,0.0
闵行区,丹阳市,0.0
宝山区,丹阳市,0.0
嘉定区,丹阳市,0.0
浦东新区,丹阳市,0.0
金山区,丹阳市,0.0
松江区,丹阳市,0.0
青浦区,丹阳市,0.0
奉贤区,丹阳市,0.0
崇明区,丹阳市,0.0
玄武区,丹阳市,0.0
秦淮区,丹阳市,0.0
建邺区,丹阳市,0.0
鼓楼区,丹阳市,0.0
浦口区,丹阳市,0.0
栖霞区,丹阳市,0.0
雨花台区,丹阳市,0.0
江宁区,丹阳市,0.0
六合区,丹阳市,0.0
溧水区,丹阳市,0.0
高淳区,丹阳市,0.0
锡山区,丹阳市,0.0
惠山区,丹阳市,0.0
滨湖区,丹阳市,0.0
梁溪区,丹阳市,0.0
新吴区,丹阳市,0.0
江阴市,丹阳市,0.0
宜兴市,丹阳市,0.0
天宁区,丹阳市,0.0
钟楼区,丹阳市,0.0
新北区,丹阳市,0.0
武进区,丹阳市,0.0
金坛区,丹阳市,0.0
溧阳市,丹阳市,0.0
虎丘区,丹阳市,0.0
吴中区,丹阳市,0.0
相城区,丹阳市,0.0
姑苏区,丹阳市,0.0
吴江区,丹阳市,0.0
常熟市,丹阳市,0.0
张家港市,丹阳市,0.0
昆山市,丹阳市,0.0
太仓市,丹阳市,0.0
崇川区,丹阳市,0.0
港闸区,丹阳市,0.0
通州区,丹阳市,0.0
如东县,丹阳市,0.0
启东市,丹阳市,0.0
如皋市,丹阳市,0.0
海门市,丹阳市,0.0
海安市,丹阳市,0.0
广陵区,丹阳市,0.0
邗江区,丹阳市,0.0
江都区,丹阳市,0.0
宝应县,丹阳市,0.0
仪征市,丹阳市,0.0
高邮市,丹阳市,0.0
京口区,丹阳市,0.0
润州区,丹阳市,0.0
丹徒区,丹阳市,0.0
丹阳市,丹阳市,0.0
扬中市,丹阳市,0.0
句容市,丹阳市,0.0
海陵区,丹阳市,0.0
姜堰区,丹阳市,0.0
兴化市,丹阳市,0.0
靖江市,丹阳市,0.0
泰兴市,丹阳市,0.0
黄浦区,扬中市,0.0
长宁区,扬中市,0.0
静安区,扬中市,0.0
普陀区,扬中市,0.0
虹口区,扬中市,0.0
杨浦区,扬中市,0.0
闵行区,扬中市,0.0
宝山区,扬中市,0.0
嘉定区,扬中市,0.0
浦东新区,扬中市,0.0
金山区,扬中市,0.0
松江区,扬中市,0.0
青浦区,扬中市,0.0
玄武区,扬中市,0.0
秦淮区,扬中市,0.0
建邺区,扬中市,0.0
鼓楼区,扬中市,0.0
浦口区,扬中市,0.0
栖霞区,扬中市,0.0
雨花台区,扬中市,0.0
江宁区,扬中市,0.0
六合区,扬中市,0.0
溧水区,扬中市,0.0
高淳区,扬中市,0.0
锡山区,扬中市,0.0
惠山区,扬中市,0.0
滨湖区,扬中市,0.0
梁溪区,扬中市,0.0
新吴区,扬中市,0.0
江阴市,扬中市,0.0
宜兴市,扬中市,0.0
天宁区,扬中市,0.0
钟楼区,扬中市,0.0
新北区,扬中市,0.0
武进区,扬中市,0.0
金坛区,扬中市,0.0
溧阳市,扬中市,0.0
虎丘区,扬中市,0.0
吴中区,扬中市,0.0
相城区,扬中市,0.0
姑苏区,扬中市,0.0
吴江区,扬中市,0.0
常熟市,扬中市,0.0
张家港市,扬中市,0.0
昆山市,扬中市,0.0
太仓市,扬中市,0.0
崇川区,扬中市,0.0
港闸区,扬中市,0.0
通州区,扬中市,0.0
如东县,扬中市,0.0
启东市,扬中市,0.0
如皋市,扬中市,0.0
海门市,扬中市,0.0
广陵区,扬中市,0.0
邗江区,扬中市,0.0
江都区,扬中市,0.0
仪征市,扬中市,0.0
高邮市,扬中市,0.0
京口区,扬中市,0.0
润州区,扬中市,0.0
丹徒区,扬中市,0.0
丹阳市,扬中市,0.0
扬中市,扬中市,0.0
句容市,扬中市,0.0
海陵区,扬中市,0.0
高港区,扬中市,0.0
姜堰区,扬中市,0.0
兴化市,扬中市,0.0
靖江市,扬中市,0.0
泰兴市,扬中市,0.0
黄浦区,句容市,0.0
徐汇区,句容市,0.0
长宁区,句容市,0.0
静安区,句容市,0.0
普陀区,句容市,0.0
杨浦区,句容市,0.0
闵行区,句容市,0.0
宝山区,句容市,0.0
嘉定区,句容市,0.0
浦东新区,句容市,0.0
金山区,句容市,0.0
松江区,句容市,0.0
青浦区,句容市,0.0
奉贤区,句容市,0.0
崇明区,句容市,0.0
玄武区,句容市,0.0
秦淮区,句容市,0.0
建邺区,句容市,0.0
鼓楼区,句容市,0.0
浦口区,句容市,0.0
栖霞区,句容市,0.0
雨花台区,句容市,0.0
江宁区,句容市,0.0
六合区,句容市,0.0
溧水区,句容市,0.0
高淳区,句容市,0.0
锡山区,句容市,0.0
惠山区,句容市,0.0
滨湖区,句容市,0.0
梁溪区,句容市,0.0
新吴区,句容市,0.0
江阴市,句容市,0.0
宜兴市,句容市,0.0
天宁区,句容市,0.0
钟楼区,句容市,0.0
新北区,句容市,0.0
武进区,句容市,0.0
金坛区,句容市,0.0
溧阳市,句容市,0.0
虎丘区,句容市,0.0
吴中区,句容市,0.0
相城区,句容市,0.0
姑苏区,句容市,0.0
吴江区,句容市,0.0
常熟市,句容市,0.0
张家港市,句容市,0.0
昆山市,句容市,0.0
太仓市,句容市,0.0
崇川区,句容市,0.0
港闸区,句容市,0.0
通州区,句容市,0.0
如东县,句容市,0.0
启东市,句容市,0.0
如皋市,句容市,0.0
海门市,句容市,0.0
海安市,句容市,0.0
广陵区,句容市,0.0
邗江区,句容市,0.0
江都区,句容市,0.0
宝应县,句容市,0.0
仪征市,句容市,0.0
高邮市,句容市,0.0
京口区,句容市,0.0
润州区,句容市,0.0
丹徒区,句容市,0.0
丹阳市,句容市,0.0
扬中市,句容市,0.0
句容市,句容市,0.0
海陵区,句容市,0.0
高港区,句容市,0.0
姜堰区,句容市,0.0
兴化市,句容市,0.0
靖江市,句容市,0.0
泰兴市,句容市,0.0
黄浦区,海陵区,0.0
徐汇区,海陵区,0.0
长宁区,海陵区,0.0
静安区,海陵区,0.0
普陀区,海陵区,0.0
虹口区,海陵区,0.0
杨浦区,海陵区,0.0
闵行区,海陵区,0.0
宝山区,海陵区,0.0
嘉定区,海陵区,0.0
浦东新区,海陵区,0.0
金山区,海陵区,0.0
松江区,海陵区,0.0
青浦区,海陵区,0.0
奉贤区,海陵区,0.0
崇明区,海陵区,0.0
玄武区,海陵区,0.0
秦淮区,海陵区,0.0
建邺区,海陵区,0.0
鼓楼区,海陵区,0.0
浦口区,海陵区,0.0
栖霞区,海陵区,0.0
雨花台区,海陵区,0.0
江宁区,海陵区,0.0
六合区,海陵区,0.0
溧水区,海陵区,0.0
高淳区,海陵区,0.0
锡山区,海陵区,0.0
惠山区,海陵区,0.0
滨湖区,海陵区,0.0
梁溪区,海陵区,0.0
新吴区,海陵区,0.0
江阴市,海陵区,0.0
宜兴市,海陵区,0.0
天宁区,海陵区,0.0
钟楼区,海陵区,0.0
新北区,海陵区,0.0
武进区,海陵区,0.0
金坛区,海陵区,0.0
溧阳市,海陵区,0.0
虎丘区,海陵区,0.0
吴中区,海陵区,0.0
相城区,海陵区,0.0
姑苏区,海陵区,0.0
吴江区,海陵区,0.0
常熟市,海陵区,0.0
张家港市,海陵区,0.0
昆山市,海陵区,0.0
太仓市,海陵区,0.0
崇川区,海陵区,0.0
港闸区,海陵区,0.0
通州区,海陵区,0.0
如东县,海陵区,0.0
启东市,海陵区,0.0
如皋市,海陵区,0.0
海门市,海陵区,0.0
海安市,海陵区,0.0
广陵区,海陵区,0.0
邗江区,海陵区,0.0
江都区,海陵区,0.0
宝应县,海陵区,0.0
仪征市,海陵区,0.0
高邮市,海陵区,0.0
京口区,海陵区,0.0
润州区,海陵区,0.0
丹徒区,海陵区,0.0
丹阳市,海陵区,0.0
扬中市,海陵区,0.0
句容市,海陵区,0.0
海陵区,海陵区,0.0
高港区,海陵区,0.0
姜堰区,海陵区,0.0
兴化市,海陵区,0.0
靖江市,海陵区,0.0
泰兴市,海陵区,0.0
徐汇区,高港区,0.0
长宁区,高港区,0.0
静安区,高港区,0.0
普陀区,高港区,0.0
虹口区,高港区,0.0
杨浦区,高港区,0.0
闵行区,高港区,0.0
宝山区,高港区,0.0
嘉定区,高港区,0.0
浦东新区,高港区,0.0
松江区,高港区,0.0
青浦区,高港区,0.0
奉贤区,高港区,0.0
玄武区,高港区,0.0
秦淮区,高港区,0.0
建邺区,高港区,0.0
鼓楼区,高港区,0.0
浦口区,高港区,0.0
栖霞区,高港区,0.0
雨花台区,高港区,0.0
江宁区,高港区,0.0
六合区,高港区,0.0
锡山区,高港区,0.0
惠山区,高港区,0.0
滨湖区,高港区,0.0
梁溪区,高港区,0.0
新吴区,高港区,0.0
江阴市,高港区,0.0
宜兴市,高港区,0.0
天宁区,高港区,0.0
钟楼区,高港区,0.0
新北区,高港区,0.0
武进区,高港区,0.0
金坛区,高港区,0.0
溧阳市,高港区,0.0
虎丘区,高港区,0.0
吴中区,高港区,0.0
相城区,高港区,0.0
姑苏区,高港区,0.0
吴江区,高港区,0.0
常熟市,高港区,0.0
张家港市,高港区,0.0
昆山市,高港区,0.0
太仓市,高港区,0.0
崇川区,高港区,0.0
港闸区,高港区,0.0
通州区,高港区,0.0
如东县,高港区,0.0
启东市,高港区,0.0
如皋市,高港区,0.0
海门市,高港区,0.0
海安市,高港区,0.0
广陵区,高港区,0.0
邗江区,高港区,0.0
江都区,高港区,0.0
宝应县,高港区,0.0
仪征市,高港区,0.0
高邮市,高港区,0.0
京口区,高港区,0.0
润州区,高港区,0.0
丹徒区,高港区,0.0
丹阳市,高港区,0.0
扬中市,高港区,0.0
句容市,高港区,0.0
海陵区,高港区,0.0
高港区,高港区,0.0
姜堰区,高港区,0.0
兴化市,高港区,0.0
靖江市,高港区,0.0
泰兴市,高港区,0.0
黄浦区,姜堰区,0.0
徐汇区,姜堰区,0.0
长宁区,姜堰区,0.0
静安区,姜堰区,0.0
普陀区,姜堰区,0.0
虹口区,姜堰区,0.0
杨浦区,姜堰区,0.0
闵行区,姜堰区,0.0
宝山区,姜堰区,0.0
嘉定区,姜堰区,0.0
浦东新区,姜堰区,0.0
金山区,姜堰区,0.0
松江区,姜堰区,0.0
青浦区,姜堰区,0.0
奉贤区,姜堰区,0.0
崇明区,姜堰区,0.0
玄武区,姜堰区,0.0
秦淮区,姜堰区,0.0
建邺区,姜堰区,0.0
鼓楼区,姜堰区,0.0
浦口区,姜堰区,0.0
栖霞区,姜堰区,0.0
雨花台区,姜堰区,0.0
江宁区,姜堰区,0.0
六合区,姜堰区,0.0
溧水区,姜堰区,0.0
高淳区,姜堰区,0.0
锡山区,姜堰区,0.0
惠山区,姜堰区,0.0
滨湖区,姜堰区,0.0
梁溪区,姜堰区,0.0
新吴区,姜堰区,0.0
江阴市,姜堰区,0.0
宜兴市,姜堰区,0.0
天宁区,姜堰区,0.0
钟楼区,姜堰区,0.0
新北区,姜堰区,0.0
武进区,姜堰区,0.0
金坛区,姜堰区,0.0
溧阳市,姜堰区,0.0
虎丘区,姜堰区,0.0
吴中区,姜堰区,0.0
相城区,姜堰区,0.0
姑苏区,姜堰区,0.0
吴江区,姜堰区,0.0
常熟市,姜堰区,0.0
张家港市,姜堰区,0.0
昆山市,姜堰区,0.0
太仓市,姜堰区,0.0
崇川区,姜堰区,0.0
港闸区,姜堰区,0.0
通州区,姜堰区,0.0
如东县,姜堰区,0.0
启东市,姜堰区,0.0
如皋市,姜堰区,0.0
海门市,姜堰区,0.0
海安市,姜堰区,0.0
广陵区,姜堰区,0.0
邗江区,姜堰区,0.0
江都区,姜堰区,0.0
宝应县,姜堰区,0.0
仪征市,姜堰区,0.0
高邮市,姜堰区,0.0
京口区,姜堰区,0.0
润州区,姜堰区,0.0
丹徒区,姜堰区,0.0
丹阳市,姜堰区,0.0
扬中市,姜堰区,0.0
句容市,姜堰区,0.0
海陵区,姜堰区,0.0
高港区,姜堰区,0.0
姜堰区,姜堰区,0.0
兴化市,姜堰区,0.0
靖江市,姜堰区,0.0
泰兴市,姜堰区,0.0
黄浦区,兴化市,0.0
徐汇区,兴化市,0.0
长宁区,兴化市,0.0
静安区,兴化市,0.0
普陀区,兴化市,0.0
虹口区,兴化市,0.0
杨浦区,兴化市,0.0
闵行区,兴化市,0.0
宝山区,兴化市,0.0
嘉定区,兴化市,0.0
浦东新区,兴化市,0.0
金山区,兴化市,0.0
松江区,兴化市,0.0
青浦区,兴化市,0.0
奉贤区,兴化市,0.0
崇明区,兴化市,0.0
玄武区,兴化市,0.0
秦淮区,兴化市,0.0
建邺区,兴化市,0.0
鼓楼区,兴化市,0.0
浦口区,兴化市,0.0
栖霞区,兴化市,0.0
雨花台区,兴化市,0.0
江宁区,兴化市,0.0
六合区,兴化市,0.0
溧水区,兴化市,0.0
锡山区,兴化市,0.0
惠山区,兴化市,0.0
滨湖区,兴化市,0.0
梁溪区,兴化市,0.0
新吴区,兴化市,0.0
江阴市,兴化市,0.0
宜兴市,兴化市,0.0
天宁区,兴化市,0.0
钟楼区,兴化市,0.0
新北区,兴化市,0.0
武进区,兴化市,0.0
金坛区,兴化市,0.0
溧阳市,兴化市,0.0
虎丘区,兴化市,0.0
吴中区,兴化市,0.0
相城区,兴化市,0.0
姑苏区,兴化市,0.0
吴江区,兴化市,0.0
常熟市,兴化市,0.0
张家港市,兴化市,0.0
昆山市,兴化市,0.0
太仓市,兴化市,0.0
崇川区,兴化市,0.0
港闸区,兴化市,0.0
通州区,兴化市,0.0
如东县,兴化市,0.0
启东市,兴化市,0.0
如皋市,兴化市,0.0
海门市,兴化市,0.0
海安市,兴化市,0.0
广陵区,兴化市,0.0
邗江区,兴化市,0.0
江都区,兴化市,0.0
宝应县,兴化市,0.0
仪征市,兴化市,0.0
高邮市,兴化市,0.0
京口区,兴化市,0.0
润州区,兴化市,0.0
丹徒区,兴化市,0.0
丹阳市,兴化市,0.0
扬中市,兴化市,0.0
句容市,兴化市,0.0
海陵区,兴化市,0.0
高港区,兴化市,0.0
姜堰区,兴化市,0.0
兴化市,兴化市,0.0
靖江市,兴化市,0.0
泰兴市,兴化市,0.0
黄浦区,靖江市,0.0
徐汇区,靖江市,0.0
静安区,靖江市,0.0
普陀区,靖江市,0.0
虹口区,靖江市,0.0
杨浦区,靖江市,0.0
闵行区,靖江市,0.0
宝山区,靖江市,0.0
嘉定区,靖江市,0.0
浦东新区,靖江市,0.0
金山区,靖江市,0.0
松江区,靖江市,0.0
青浦区,靖江市,0.0
奉贤区,靖江市,0.0
崇明区,靖江市,0.0
玄武区,靖江市,0.0
秦淮区,靖江市,0.0
建邺区,靖江市,0.0
鼓楼区,靖江市,0.0
浦口区,靖江市,0.0
栖霞区,靖江市,0.0
雨花台区,靖江市,0.0
江宁区,靖江市,0.0
六合区,靖江市,0.0
溧水区,靖江市,0.0
高淳区,靖江市,0.0
锡山区,靖江市,0.0
惠山区,靖江市,0.0
滨湖区,靖江市,0.0
梁溪区,靖江市,0.0
新吴区,靖江市,0.0
江阴市,靖江市,0.0
宜兴市,靖江市,0.0
天宁区,靖江市,0.0
钟楼区,靖江市,0.0
新北区,靖江市,0.0
武进区,靖江市,0.0
金坛区,靖江市,0.0
溧阳市,靖江市,0.0
虎丘区,靖江市,0.0
吴中区,靖江市,0.0
相城区,靖江市,0.0
姑苏区,靖江市,0.0
吴江区,靖江市,0.0
常熟市,靖江市,0.0
张家港市,靖江市,0.0
昆山市,靖江市,0.0
太仓市,靖江市,0.0
崇川区,靖江市,0.0
港闸区,靖江市,0.0
通州区,靖江市,0.0
如东县,靖江市,0.0
启东市,靖江市,0.0
如皋市,靖江市,0.0
海门市,靖江市,0.0
海安市,靖江市,0.0
广陵区,靖江市,0.0
邗江区,靖江市,0.0
江都区,靖江市,0.0
宝应县,靖江市,0.0
仪征市,靖江市,0.0
高邮市,靖江市,0.0
京口区,靖江市,0.0
润州区,靖江市,0.0
丹徒区,靖江市,0.0
丹阳市,靖江市,0.0
扬中市,靖江市,0.0
句容市,靖江市,0.0
海陵区,靖江市,0.0
高港区,靖江市,0.0
姜堰区,靖江市,0.0
兴化市,靖江市,0.0
靖江市,靖江市,0.0
泰兴市,靖江市,0.0
黄浦区,泰兴市,0.0
徐汇区,泰兴市,0.0
长宁区,泰兴市,0.0
静安区,泰兴市,0.0
普陀区,泰兴市,0.0
虹口区,泰兴市,0.0
杨浦区,泰兴市,0.0
闵行区,泰兴市,0.0
宝山区,泰兴市,0.0
嘉定区,泰兴市,0.0
浦东新区,泰兴市,0.0
金山区,泰兴市,0.0
松江区,泰兴市,0.0
青浦区,泰兴市,0.0
奉贤区,泰兴市,0.0
崇明区,泰兴市,0.0
玄武区,泰兴市,0.0
秦淮区,泰兴市,0.0
建邺区,泰兴市,0.0
鼓楼区,泰兴市,0.0
浦口区,泰兴市,0.0
栖霞区,泰兴市,0.0
雨花台区,泰兴市,0.0
江宁区,泰兴市,0.0
六合区,泰兴市,0.0
高淳区,泰兴市,0.0
锡山区,泰兴市,0.0
惠山区,泰兴市,0.0
滨湖区,泰兴市,0.0
梁溪区,泰兴市,0.0
新吴区,泰兴市,0.0
江阴市,泰兴市,0.0
宜兴市,泰兴市,0.0
天宁区,泰兴市,0.0
钟楼区,泰兴市,0.0
新北区,泰兴市,0.0
武进区,泰兴市,0.0
金坛区,泰兴市,0.0
溧阳市,泰兴市,0.0
虎丘区,泰兴市,0.0
吴中区,泰兴市,0.0
相城区,泰兴市,0.0
姑苏区,泰兴市,0.0
吴江区,泰兴市,0.0
常熟市,泰兴市,0.0
张家港市,泰兴市,0.0
昆山市,泰兴市,0.0
太仓市,泰兴市,0.0
崇川区,泰兴市,0.0
港闸区,泰兴市,0.0
通州区,泰兴市,0.0
如东县,泰兴市,0.0
启东市,泰兴市,0.0
如皋市,泰兴市,0.0
海门市,泰兴市,0.0
海安市,泰兴市,0.0
广陵区,泰兴市,0.0
邗江区,泰兴市,0.0
江都区,泰兴市,0.0
宝应县,泰兴市,0.0
仪征市,泰兴市,0.0
高邮市,泰兴市,0.0
京口区,泰兴市,0.0
润州区,泰兴市,0.0
丹徒区,泰兴市,0.0
丹阳市,泰兴市,0.0
扬中市,泰兴市,0.0
句容市,泰兴市,0.0
海陵区,泰兴市,0.0
高港区,泰兴市,0.0
姜堰区,泰兴市,0.0
兴化市,泰兴市,0.0
靖江市,泰兴市,0.0
泰兴市,泰兴市,0.0
